season,id,date,matchday,home_team,away_team,home_score,away_score,status
2024,497410,2024-08-16T19:00:00Z,1,Manchester United FC,Fulham FC,1,0,FINISHED
2024,497411,2024-08-17T11:30:00Z,1,Ipswich Town FC,Liverpool FC,0,2,FINISHED
2024,497412,2024-08-17T14:00:00Z,1,Arsenal FC,Wolverhampton Wanderers FC,2,0,FINISHED
2024,497413,2024-08-17T14:00:00Z,1,Everton FC,Brighton & Hove Albion FC,0,3,FINISHED
2024,497414,2024-08-17T14:00:00Z,1,Newcastle United FC,Southampton FC,1,0,FINISHED
2024,497415,2024-08-17T14:00:00Z,1,Nottingham Forest FC,AFC Bournemouth,1,1,FINISHED
2024,497416,2024-08-17T16:30:00Z,1,West Ham United FC,Aston Villa FC,1,2,FINISHED
2024,497417,2024-08-18T13:00:00Z,1,Brentford FC,Crystal Palace FC,2,1,FINISHED
2024,497418,2024-08-18T15:30:00Z,1,Chelsea FC,Manchester City FC,0,2,FINISHED
2024,497419,2024-08-19T19:00:00Z,1,Leicester City FC,Tottenham Hotspur FC,1,1,FINISHED
2024,497422,2024-08-24T11:30:00Z,2,Brighton & Hove Albion FC,Manchester United FC,2,1,FINISHED
2024,497423,2024-08-24T14:00:00Z,2,Crystal Palace FC,West Ham United FC,0,2,FINISHED
2024,497424,2024-08-24T14:00:00Z,2,Fulham FC,Leicester City FC,2,1,FINISHED
2024,497426,2024-08-24T14:00:00Z,2,Manchester City FC,Ipswich Town FC,4,1,FINISHED
2024,497427,2024-08-24T14:00:00Z,2,Southampton FC,Nottingham Forest FC,0,1,FINISHED
2024,497428,2024-08-24T14:00:00Z,2,Tottenham Hotspur FC,Everton FC,4,0,FINISHED
2024,497421,2024-08-24T16:30:00Z,2,Aston Villa FC,Arsenal FC,0,2,FINISHED
2024,497420,2024-08-25T13:00:00Z,2,AFC Bournemouth,Newcastle United FC,1,1,FINISHED
2024,497429,2024-08-25T13:00:00Z,2,Wolverhampton Wanderers FC,Chelsea FC,2,6,FINISHED
2024,497425,2024-08-25T15:30:00Z,2,Liverpool FC,Brentford FC,2,0,FINISHED
2024,497430,2024-08-31T11:30:00Z,3,Arsenal FC,Brighton & Hove Albion FC,1,1,FINISHED
2024,497431,2024-08-31T14:00:00Z,3,Brentford FC,Southampton FC,3,1,FINISHED
2024,497433,2024-08-31T14:00:00Z,3,Everton FC,AFC Bournemouth,2,3,FINISHED
2024,497434,2024-08-31T14:00:00Z,3,Ipswich Town FC,Fulham FC,1,1,FINISHED
2024,497435,2024-08-31T14:00:00Z,3,Leicester City FC,Aston Villa FC,1,2,FINISHED
2024,497438,2024-08-31T14:00:00Z,3,Nottingham Forest FC,Wolverhampton Wanderers FC,1,1,FINISHED
2024,497439,2024-08-31T16:30:00Z,3,West Ham United FC,Manchester City FC,1,3,FINISHED
2024,497432,2024-09-01T12:30:00Z,3,Chelsea FC,Crystal Palace FC,1,1,FINISHED
2024,497437,2024-09-01T12:30:00Z,3,Newcastle United FC,Tottenham Hotspur FC,2,1,FINISHED
2024,497436,2024-09-01T15:00:00Z,3,Manchester United FC,Liverpool FC,0,3,FINISHED
2024,497447,2024-09-14T11:30:00Z,4,Southampton FC,Manchester United FC,0,3,FINISHED
2024,497442,2024-09-14T14:00:00Z,4,Brighton & Hove Albion FC,Ipswich Town FC,0,0,FINISHED
2024,497443,2024-09-14T14:00:00Z,4,Crystal Palace FC,Leicester City FC,2,2,FINISHED
2024,497444,2024-09-14T14:00:00Z,4,Fulham FC,West Ham United FC,1,1,FINISHED
2024,497445,2024-09-14T14:00:00Z,4,Liverpool FC,Nottingham Forest FC,0,1,FINISHED
2024,497446,2024-09-14T14:00:00Z,4,Manchester City FC,Brentford FC,2,1,FINISHED
2024,497441,2024-09-14T16:30:00Z,4,Aston Villa FC,Everton FC,3,2,FINISHED
2024,497440,2024-09-14T19:00:00Z,4,AFC Bournemouth,Chelsea FC,0,1,FINISHED
2024,497448,2024-09-15T13:00:00Z,4,Tottenham Hotspur FC,Arsenal FC,0,1,FINISHED
2024,497449,2024-09-15T15:30:00Z,4,Wolverhampton Wanderers FC,Newcastle United FC,1,2,FINISHED
2024,497459,2024-09-21T11:30:00Z,5,West Ham United FC,Chelsea FC,0,3,FINISHED
2024,497450,2024-09-21T14:00:00Z,5,Aston Villa FC,Wolverhampton Wanderers FC,3,1,FINISHED
2024,497453,2024-09-21T14:00:00Z,5,Fulham FC,Newcastle United FC,3,1,FINISHED
2024,497454,2024-09-21T14:00:00Z,5,Leicester City FC,Everton FC,1,1,FINISHED
2024,497455,2024-09-21T14:00:00Z,5,Liverpool FC,AFC Bournemouth,3,0,FINISHED
2024,497457,2024-09-21T14:00:00Z,5,Southampton FC,Ipswich Town FC,1,1,FINISHED
2024,497458,2024-09-21T14:00:00Z,5,Tottenham Hotspur FC,Brentford FC,3,1,FINISHED
2024,497452,2024-09-21T16:30:00Z,5,Crystal Palace FC,Manchester United FC,0,0,FINISHED
2024,497451,2024-09-22T13:00:00Z,5,Brighton & Hove Albion FC,Nottingham Forest FC,2,2,FINISHED
2024,497456,2024-09-22T15:30:00Z,5,Manchester City FC,Arsenal FC,2,2,FINISHED
2024,497467,2024-09-28T11:30:00Z,6,Newcastle United FC,Manchester City FC,1,1,FINISHED
2024,497461,2024-09-28T14:00:00Z,6,Arsenal FC,Leicester City FC,4,2,FINISHED
2024,497462,2024-09-28T14:00:00Z,6,Brentford FC,West Ham United FC,1,1,FINISHED
2024,497463,2024-09-28T14:00:00Z,6,Chelsea FC,Brighton & Hove Albion FC,4,2,FINISHED
2024,497464,2024-09-28T14:00:00Z,6,Everton FC,Crystal Palace FC,2,1,FINISHED
2024,497468,2024-09-28T14:00:00Z,6,Nottingham Forest FC,Fulham FC,0,1,FINISHED
2024,497469,2024-09-28T16:30:00Z,6,Wolverhampton Wanderers FC,Liverpool FC,1,2,FINISHED
2024,497465,2024-09-29T13:00:00Z,6,Ipswich Town FC,Aston Villa FC,2,2,FINISHED
2024,497466,2024-09-29T15:30:00Z,6,Manchester United FC,Tottenham Hotspur FC,0,3,FINISHED
2024,497460,2024-09-30T19:00:00Z,6,AFC Bournemouth,Southampton FC,3,1,FINISHED
2024,497475,2024-10-05T11:30:00Z,7,Crystal Palace FC,Liverpool FC,0,1,FINISHED
2024,497470,2024-10-05T14:00:00Z,7,Arsenal FC,Southampton FC,3,1,FINISHED
2024,497472,2024-10-05T14:00:00Z,7,Brentford FC,Wolverhampton Wanderers FC,5,3,FINISHED
2024,497477,2024-10-05T14:00:00Z,7,Leicester City FC,AFC Bournemouth,1,0,FINISHED
2024,497478,2024-10-05T14:00:00Z,7,Manchester City FC,Fulham FC,3,2,FINISHED
2024,497479,2024-10-05T14:00:00Z,7,West Ham United FC,Ipswich Town FC,4,1,FINISHED
2024,497476,2024-10-05T16:30:00Z,7,Everton FC,Newcastle United FC,0,0,FINISHED
2024,497471,2024-10-06T13:00:00Z,7,Aston Villa FC,Manchester United FC,0,0,FINISHED
2024,497474,2024-10-06T13:00:00Z,7,Chelsea FC,Nottingham Forest FC,1,1,FINISHED
2024,497473,2024-10-06T15:30:00Z,7,Brighton & Hove Albion FC,Tottenham Hotspur FC,3,2,FINISHED
2024,497488,2024-10-19T11:30:00Z,8,Tottenham Hotspur FC,West Ham United FC,4,1,FINISHED
2024,497481,2024-10-19T14:00:00Z,8,Fulham FC,Aston Villa FC,1,3,FINISHED
2024,497482,2024-10-19T14:00:00Z,8,Ipswich Town FC,Everton FC,0,2,FINISHED
2024,497484,2024-10-19T14:00:00Z,8,Manchester United FC,Brentford FC,2,1,FINISHED
2024,497485,2024-10-19T14:00:00Z,8,Newcastle United FC,Brighton & Hove Albion FC,0,1,FINISHED
2024,497487,2024-10-19T14:00:00Z,8,Southampton FC,Leicester City FC,2,3,FINISHED
2024,497480,2024-10-19T16:30:00Z,8,AFC Bournemouth,Arsenal FC,2,0,FINISHED
2024,497489,2024-10-20T13:00:00Z,8,Wolverhampton Wanderers FC,Manchester City FC,1,2,FINISHED
2024,497483,2024-10-20T15:30:00Z,8,Liverpool FC,Chelsea FC,2,1,FINISHED
2024,497486,2024-10-21T19:00:00Z,8,Nottingham Forest FC,Crystal Palace FC,1,0,FINISHED
2024,497497,2024-10-25T19:00:00Z,9,Leicester City FC,Nottingham Forest FC,1,3,FINISHED
2024,497491,2024-10-26T14:00:00Z,9,Aston Villa FC,AFC Bournemouth,1,1,FINISHED
2024,497492,2024-10-26T14:00:00Z,9,Brentford FC,Ipswich Town FC,4,3,FINISHED
2024,497493,2024-10-26T14:00:00Z,9,Brighton & Hove Albion FC,Wolverhampton Wanderers FC,2,2,FINISHED
2024,497498,2024-10-26T14:00:00Z,9,Manchester City FC,Southampton FC,1,0,FINISHED
2024,497496,2024-10-26T16:30:00Z,9,Everton FC,Fulham FC,1,1,FINISHED
2024,497494,2024-10-27T14:00:00Z,9,Chelsea FC,Newcastle United FC,2,1,FINISHED
2024,497495,2024-10-27T14:00:00Z,9,Crystal Palace FC,Tottenham Hotspur FC,1,0,FINISHED
2024,497499,2024-10-27T14:00:00Z,9,West Ham United FC,Manchester United FC,2,1,FINISHED
2024,497490,2024-10-27T16:30:00Z,9,Arsenal FC,Liverpool FC,2,2,FINISHED
2024,497505,2024-11-02T12:30:00Z,10,Newcastle United FC,Arsenal FC,1,0,FINISHED
2024,497500,2024-11-02T15:00:00Z,10,AFC Bournemouth,Manchester City FC,2,1,FINISHED
2024,497502,2024-11-02T15:00:00Z,10,Ipswich Town FC,Leicester City FC,1,1,FINISHED
2024,497503,2024-11-02T15:00:00Z,10,Liverpool FC,Brighton & Hove Albion FC,2,1,FINISHED
2024,497506,2024-11-02T15:00:00Z,10,Nottingham Forest FC,West Ham United FC,3,0,FINISHED
2024,497507,2024-11-02T15:00:00Z,10,Southampton FC,Everton FC,1,0,FINISHED
2024,497509,2024-11-02T17:30:00Z,10,Wolverhampton Wanderers FC,Crystal Palace FC,2,2,FINISHED
2024,497508,2024-11-03T14:00:00Z,10,Tottenham Hotspur FC,Aston Villa FC,4,1,FINISHED
2024,497504,2024-11-03T16:30:00Z,10,Manchester United FC,Chelsea FC,1,1,FINISHED
2024,497501,2024-11-04T20:00:00Z,10,Fulham FC,Brentford FC,2,1,FINISHED
2024,497510,2024-11-09T15:00:00Z,11,Brentford FC,AFC Bournemouth,3,2,FINISHED
2024,497513,2024-11-09T15:00:00Z,11,Crystal Palace FC,Fulham FC,0,2,FINISHED
2024,497518,2024-11-09T15:00:00Z,11,West Ham United FC,Everton FC,0,0,FINISHED
2024,497519,2024-11-09T15:00:00Z,11,Wolverhampton Wanderers FC,Southampton FC,2,0,FINISHED
2024,497511,2024-11-09T17:30:00Z,11,Brighton & Hove Albion FC,Manchester City FC,2,1,FINISHED
2024,497514,2024-11-09T20:00:00Z,11,Liverpool FC,Aston Villa FC,2,0,FINISHED
2024,497515,2024-11-10T14:00:00Z,11,Manchester United FC,Leicester City FC,3,0,FINISHED
2024,497516,2024-11-10T14:00:00Z,11,Nottingham Forest FC,Newcastle United FC,1,3,FINISHED
2024,497517,2024-11-10T14:00:00Z,11,Tottenham Hotspur FC,Ipswich Town FC,1,2,FINISHED
2024,497512,2024-11-10T16:30:00Z,11,Chelsea FC,Arsenal FC,1,1,FINISHED
2024,497526,2024-11-23T12:30:00Z,12,Leicester City FC,Chelsea FC,1,2,FINISHED
2024,497520,2024-11-23T15:00:00Z,12,AFC Bournemouth,Brighton & Hove Albion FC,1,2,FINISHED
2024,497521,2024-11-23T15:00:00Z,12,Arsenal FC,Nottingham Forest FC,3,0,FINISHED
2024,497522,2024-11-23T15:00:00Z,12,Aston Villa FC,Crystal Palace FC,2,2,FINISHED
2024,497523,2024-11-23T15:00:00Z,12,Everton FC,Brentford FC,0,0,FINISHED
2024,497524,2024-11-23T15:00:00Z,12,Fulham FC,Wolverhampton Wanderers FC,1,4,FINISHED
2024,497527,2024-11-23T17:30:00Z,12,Manchester City FC,Tottenham Hotspur FC,0,4,FINISHED
2024,497529,2024-11-24T14:00:00Z,12,Southampton FC,Liverpool FC,2,3,FINISHED
2024,497525,2024-11-24T16:30:00Z,12,Ipswich Town FC,Manchester United FC,1,1,FINISHED
2024,497528,2024-11-25T20:00:00Z,12,Newcastle United FC,West Ham United FC,0,2,FINISHED
2024,497531,2024-11-29T20:00:00Z,13,Brighton & Hove Albion FC,Southampton FC,1,1,FINISHED
2024,497530,2024-11-30T15:00:00Z,13,Brentford FC,Leicester City FC,4,1,FINISHED
2024,497533,2024-11-30T15:00:00Z,13,Crystal Palace FC,Newcastle United FC,1,1,FINISHED
2024,497536,2024-11-30T15:00:00Z,13,Nottingham Forest FC,Ipswich Town FC,1,0,FINISHED
2024,497539,2024-11-30T15:00:00Z,13,Wolverhampton Wanderers FC,AFC Bournemouth,2,4,FINISHED
2024,497538,2024-11-30T17:30:00Z,13,West Ham United FC,Arsenal FC,2,5,FINISHED
2024,497532,2024-12-01T13:30:00Z,13,Chelsea FC,Aston Villa FC,3,0,FINISHED
2024,497535,2024-12-01T13:30:00Z,13,Manchester United FC,Everton FC,4,0,FINISHED
2024,497537,2024-12-01T13:30:00Z,13,Tottenham Hotspur FC,Fulham FC,1,1,FINISHED
2024,497534,2024-12-01T16:00:00Z,13,Liverpool FC,Manchester City FC,2,0,FINISHED
2024,497545,2024-12-03T19:30:00Z,14,Ipswich Town FC,Crystal Palace FC,0,1,FINISHED
2024,497546,2024-12-03T20:15:00Z,14,Leicester City FC,West Ham United FC,3,1,FINISHED
2024,497543,2024-12-04T19:30:00Z,14,Everton FC,Wolverhampton Wanderers FC,4,0,FINISHED
2024,497547,2024-12-04T19:30:00Z,14,Manchester City FC,Nottingham Forest FC,3,0,FINISHED
2024,497548,2024-12-04T19:30:00Z,14,Newcastle United FC,Liverpool FC,3,3,FINISHED
2024,497549,2024-12-04T19:30:00Z,14,Southampton FC,Chelsea FC,1,5,FINISHED
2024,497541,2024-12-04T20:15:00Z,14,Arsenal FC,Manchester United FC,2,0,FINISHED
2024,497542,2024-12-04T20:15:00Z,14,Aston Villa FC,Brentford FC,3,1,FINISHED
2024,497544,2024-12-05T19:30:00Z,14,Fulham FC,Brighton & Hove Albion FC,3,1,FINISHED
2024,497540,2024-12-05T20:15:00Z,14,AFC Bournemouth,Tottenham Hotspur FC,1,0,FINISHED
2024,497550,2024-12-07T15:00:00Z,15,Aston Villa FC,Southampton FC,1,0,FINISHED
2024,497551,2024-12-07T15:00:00Z,15,Brentford FC,Newcastle United FC,4,2,FINISHED
2024,497552,2024-12-07T15:00:00Z,15,Crystal Palace FC,Manchester City FC,2,2,FINISHED
2024,497557,2024-12-07T17:30:00Z,15,Manchester United FC,Nottingham Forest FC,2,3,FINISHED
2024,497554,2024-12-08T14:00:00Z,15,Fulham FC,Arsenal FC,1,1,FINISHED
2024,497555,2024-12-08T14:00:00Z,15,Ipswich Town FC,AFC Bournemouth,1,2,FINISHED
2024,497556,2024-12-08T14:00:00Z,15,Leicester City FC,Brighton & Hove Albion FC,2,2,FINISHED
2024,497558,2024-12-08T16:30:00Z,15,Tottenham Hotspur FC,Chelsea FC,3,4,FINISHED
2024,497559,2024-12-09T20:00:00Z,15,West Ham United FC,Wolverhampton Wanderers FC,2,1,FINISHED
2024,497561,2024-12-14T15:00:00Z,16,Arsenal FC,Everton FC,0,0,FINISHED
2024,497564,2024-12-14T15:00:00Z,16,Liverpool FC,Fulham FC,2,2,FINISHED
2024,497566,2024-12-14T15:00:00Z,16,Newcastle United FC,Leicester City FC,4,0,FINISHED
2024,497569,2024-12-14T15:00:00Z,16,Wolverhampton Wanderers FC,Ipswich Town FC,1,2,FINISHED
2024,497567,2024-12-14T17:30:00Z,16,Nottingham Forest FC,Aston Villa FC,2,1,FINISHED
2024,497562,2024-12-15T14:00:00Z,16,Brighton & Hove Albion FC,Crystal Palace FC,1,3,FINISHED
2024,497565,2024-12-15T16:30:00Z,16,Manchester City FC,Manchester United FC,1,2,FINISHED
2024,497563,2024-12-15T19:00:00Z,16,Chelsea FC,Brentford FC,2,1,FINISHED
2024,497568,2024-12-15T19:00:00Z,16,Southampton FC,Tottenham Hotspur FC,0,5,FINISHED
2024,497560,2024-12-16T20:00:00Z,16,AFC Bournemouth,West Ham United FC,1,1,FINISHED
2024,497570,2024-12-21T12:30:00Z,17,Aston Villa FC,Manchester City FC,2,1,FINISHED
2024,497571,2024-12-21T15:00:00Z,17,Brentford FC,Nottingham Forest FC,0,2,FINISHED
2024,497575,2024-12-21T15:00:00Z,17,Ipswich Town FC,Newcastle United FC,0,4,FINISHED
2024,497579,2024-12-21T15:00:00Z,17,West Ham United FC,Brighton & Hove Albion FC,1,1,FINISHED
2024,497572,2024-12-21T17:30:00Z,17,Crystal Palace FC,Arsenal FC,1,5,FINISHED
2024,497573,2024-12-22T14:00:00Z,17,Everton FC,Chelsea FC,0,0,FINISHED
2024,497574,2024-12-22T14:00:00Z,17,Fulham FC,Southampton FC,0,0,FINISHED
2024,497576,2024-12-22T14:00:00Z,17,Leicester City FC,Wolverhampton Wanderers FC,0,3,FINISHED
2024,497577,2024-12-22T14:00:00Z,17,Manchester United FC,AFC Bournemouth,0,3,FINISHED
2024,497578,2024-12-22T16:30:00Z,17,Tottenham Hotspur FC,Liverpool FC,3,6,FINISHED
2024,497585,2024-12-26T12:30:00Z,18,Manchester City FC,Everton FC,1,1,FINISHED
2024,497580,2024-12-26T15:00:00Z,18,AFC Bournemouth,Crystal Palace FC,0,0,FINISHED
2024,497583,2024-12-26T15:00:00Z,18,Chelsea FC,Fulham FC,1,2,FINISHED
2024,497586,2024-12-26T15:00:00Z,18,Newcastle United FC,Aston Villa FC,3,0,FINISHED
2024,497587,2024-12-26T15:00:00Z,18,Nottingham Forest FC,Tottenham Hotspur FC,1,0,FINISHED
2024,497588,2024-12-26T15:00:00Z,18,Southampton FC,West Ham United FC,0,1,FINISHED
2024,497589,2024-12-26T17:30:00Z,18,Wolverhampton Wanderers FC,Manchester United FC,2,0,FINISHED
2024,497584,2024-12-26T20:00:00Z,18,Liverpool FC,Leicester City FC,3,1,FINISHED
2024,497582,2024-12-27T19:30:00Z,18,Brighton & Hove Albion FC,Brentford FC,0,0,FINISHED
2024,497581,2024-12-27T20:15:00Z,18,Arsenal FC,Ipswich Town FC,1,0,FINISHED
2024,497596,2024-12-29T14:30:00Z,19,Leicester City FC,Manchester City FC,0,2,FINISHED
2024,497592,2024-12-29T15:00:00Z,19,Crystal Palace FC,Southampton FC,2,1,FINISHED
2024,497593,2024-12-29T15:00:00Z,19,Everton FC,Nottingham Forest FC,0,2,FINISHED
2024,497594,2024-12-29T15:00:00Z,19,Fulham FC,AFC Bournemouth,2,2,FINISHED
2024,497598,2024-12-29T15:00:00Z,19,Tottenham Hotspur FC,Wolverhampton Wanderers FC,2,2,FINISHED
2024,497599,2024-12-29T17:15:00Z,19,West Ham United FC,Liverpool FC,0,5,FINISHED
2024,497590,2024-12-30T19:45:00Z,19,Aston Villa FC,Brighton & Hove Albion FC,2,2,FINISHED
2024,497595,2024-12-30T19:45:00Z,19,Ipswich Town FC,Chelsea FC,2,0,FINISHED
2024,497597,2024-12-30T20:00:00Z,19,Manchester United FC,Newcastle United FC,0,2,FINISHED
2024,497591,2025-01-01T17:30:00Z,19,Brentford FC,Arsenal FC,1,3,FINISHED
2024,497607,2025-01-04T12:30:00Z,20,Tottenham Hotspur FC,Newcastle United FC,1,2,FINISHED
2024,497601,2025-01-04T15:00:00Z,20,Southampton FC,Brentford FC,0,5,FINISHED
2024,497602,2025-01-04T15:00:00Z,20,Crystal Palace FC,Chelsea FC,1,1,FINISHED
2024,497603,2025-01-04T15:00:00Z,20,AFC Bournemouth,Everton FC,1,0,FINISHED
2024,497605,2025-01-04T15:00:00Z,20,Aston Villa FC,Leicester City FC,2,1,FINISHED
2024,497609,2025-01-04T15:00:00Z,20,Manchester City FC,West Ham United FC,4,1,FINISHED
2024,497600,2025-01-04T17:30:00Z,20,Brighton & Hove Albion FC,Arsenal FC,1,1,FINISHED
2024,497604,2025-01-05T14:00:00Z,20,Fulham FC,Ipswich Town FC,2,2,FINISHED
2024,497606,2025-01-05T16:30:00Z,20,Liverpool FC,Manchester United FC,2,2,FINISHED
2024,497608,2025-01-06T20:00:00Z,20,Wolverhampton Wanderers FC,Nottingham Forest FC,0,3,FINISHED
2024,497613,2025-01-14T19:30:00Z,21,West Ham United FC,Fulham FC,3,2,FINISHED
2024,497615,2025-01-14T19:30:00Z,21,Brentford FC,Manchester City FC,2,2,FINISHED
2024,497617,2025-01-14T19:30:00Z,21,Chelsea FC,AFC Bournemouth,2,2,FINISHED
2024,497614,2025-01-14T20:00:00Z,21,Nottingham Forest FC,Liverpool FC,1,1,FINISHED
2024,497610,2025-01-15T19:30:00Z,21,Everton FC,Aston Villa FC,0,1,FINISHED
2024,497612,2025-01-15T19:30:00Z,21,Leicester City FC,Crystal Palace FC,0,2,FINISHED
2024,497619,2025-01-15T19:30:00Z,21,Newcastle United FC,Wolverhampton Wanderers FC,3,0,FINISHED
2024,497616,2025-01-15T20:00:00Z,21,Arsenal FC,Tottenham Hotspur FC,2,1,FINISHED
2024,497611,2025-01-16T19:30:00Z,21,Ipswich Town FC,Brighton & Hove Albion FC,0,2,FINISHED
2024,497618,2025-01-16T20:00:00Z,21,Manchester United FC,Southampton FC,3,1,FINISHED
2024,497620,2025-01-18T12:30:00Z,22,Newcastle United FC,AFC Bournemouth,1,4,FINISHED
2024,497623,2025-01-18T15:00:00Z,22,West Ham United FC,Crystal Palace FC,0,2,FINISHED
2024,497624,2025-01-18T15:00:00Z,22,Leicester City FC,Fulham FC,0,2,FINISHED
2024,497625,2025-01-18T15:00:00Z,22,Brentford FC,Liverpool FC,0,2,FINISHED
2024,497621,2025-01-18T17:30:00Z,22,Arsenal FC,Aston Villa FC,2,2,FINISHED
2024,497622,2025-01-19T14:00:00Z,22,Manchester United FC,Brighton & Hove Albion FC,1,3,FINISHED
2024,497627,2025-01-19T14:00:00Z,22,Nottingham Forest FC,Southampton FC,3,2,FINISHED
2024,497628,2025-01-19T14:00:00Z,22,Everton FC,Tottenham Hotspur FC,3,2,FINISHED
2024,497626,2025-01-19T16:30:00Z,22,Ipswich Town FC,Manchester City FC,0,6,FINISHED
2024,497629,2025-01-20T20:00:00Z,22,Chelsea FC,Wolverhampton Wanderers FC,3,1,FINISHED
2024,497631,2025-01-25T15:00:00Z,23,Liverpool FC,Ipswich Town FC,4,1,FINISHED
2024,497632,2025-01-25T15:00:00Z,23,Wolverhampton Wanderers FC,Arsenal FC,0,1,FINISHED
2024,497633,2025-01-25T15:00:00Z,23,Brighton & Hove Albion FC,Everton FC,0,1,FINISHED
2024,497634,2025-01-25T15:00:00Z,23,Southampton FC,Newcastle United FC,1,3,FINISHED
2024,497635,2025-01-25T15:00:00Z,23,AFC Bournemouth,Nottingham Forest FC,5,0,FINISHED
2024,497638,2025-01-25T17:30:00Z,23,Manchester City FC,Chelsea FC,3,1,FINISHED
2024,497637,2025-01-26T14:00:00Z,23,Crystal Palace FC,Brentford FC,1,2,FINISHED
2024,497639,2025-01-26T14:00:00Z,23,Tottenham Hotspur FC,Leicester City FC,1,2,FINISHED
2024,497636,2025-01-26T16:30:00Z,23,Aston Villa FC,West Ham United FC,1,1,FINISHED
2024,497630,2025-01-26T19:00:00Z,23,Fulham FC,Manchester United FC,0,1,FINISHED
2024,497641,2025-02-01T12:30:00Z,24,Nottingham Forest FC,Brighton & Hove Albion FC,7,0,FINISHED
2024,497643,2025-02-01T15:00:00Z,24,Newcastle United FC,Fulham FC,1,2,FINISHED
2024,497644,2025-02-01T15:00:00Z,24,Everton FC,Leicester City FC,4,0,FINISHED
2024,497645,2025-02-01T15:00:00Z,24,AFC Bournemouth,Liverpool FC,0,2,FINISHED
2024,497647,2025-02-01T15:00:00Z,24,Ipswich Town FC,Southampton FC,1,2,FINISHED
2024,497640,2025-02-01T17:30:00Z,24,Wolverhampton Wanderers FC,Aston Villa FC,2,0,FINISHED
2024,497642,2025-02-02T14:00:00Z,24,Manchester United FC,Crystal Palace FC,0,2,FINISHED
2024,497648,2025-02-02T14:00:00Z,24,Brentford FC,Tottenham Hotspur FC,0,2,FINISHED
2024,497646,2025-02-02T16:30:00Z,24,Arsenal FC,Manchester City FC,5,1,FINISHED
2024,497649,2025-02-03T20:00:00Z,24,Chelsea FC,West Ham United FC,2,1,FINISHED
2024,497553,2025-02-12T19:30:00Z,15,Everton FC,Liverpool FC,2,2,FINISHED
2024,497653,2025-02-14T20:00:00Z,25,Brighton & Hove Albion FC,Chelsea FC,3,0,FINISHED
2024,497651,2025-02-15T12:30:00Z,25,Leicester City FC,Arsenal FC,0,2,FINISHED
2024,497650,2025-02-15T15:00:00Z,25,Southampton FC,AFC Bournemouth,1,3,FINISHED
2024,497652,2025-02-15T15:00:00Z,25,West Ham United FC,Brentford FC,0,1,FINISHED
2024,497655,2025-02-15T15:00:00Z,25,Aston Villa FC,Ipswich Town FC,1,1,FINISHED
2024,497657,2025-02-15T15:00:00Z,25,Manchester City FC,Newcastle United FC,4,0,FINISHED
2024,497658,2025-02-15T15:00:00Z,25,Fulham FC,Nottingham Forest FC,2,1,FINISHED
2024,497654,2025-02-15T17:30:00Z,25,Crystal Palace FC,Everton FC,1,2,FINISHED
2024,497659,2025-02-16T14:00:00Z,25,Liverpool FC,Wolverhampton Wanderers FC,2,1,FINISHED
2024,497656,2025-02-16T16:30:00Z,25,Tottenham Hotspur FC,Manchester United FC,1,0,FINISHED
2024,497692,2025-02-19T19:30:00Z,29,Aston Villa FC,Liverpool FC,2,2,FINISHED
2024,497660,2025-02-21T20:00:00Z,26,Leicester City FC,Brentford FC,0,4,FINISHED
2024,497665,2025-02-22T12:30:00Z,26,Everton FC,Manchester United FC,2,2,FINISHED
2024,497666,2025-02-22T15:00:00Z,26,Ipswich Town FC,Tottenham Hotspur FC,1,4,FINISHED
2024,497667,2025-02-22T15:00:00Z,26,Fulham FC,Crystal Palace FC,0,2,FINISHED
2024,497668,2025-02-22T15:00:00Z,26,Arsenal FC,West Ham United FC,0,1,FINISHED
2024,497669,2025-02-22T15:00:00Z,26,AFC Bournemouth,Wolverhampton Wanderers FC,0,1,FINISHED
2024,497661,2025-02-22T15:00:00Z,26,Southampton FC,Brighton & Hove Albion FC,0,4,FINISHED
2024,497662,2025-02-22T17:30:00Z,26,Aston Villa FC,Chelsea FC,2,1,FINISHED
2024,497663,2025-02-23T14:00:00Z,26,Newcastle United FC,Nottingham Forest FC,4,3,FINISHED
2024,497664,2025-02-23T16:30:00Z,26,Manchester City FC,Liverpool FC,0,2,FINISHED
2024,497670,2025-02-25T19:30:00Z,27,Brighton & Hove Albion FC,AFC Bournemouth,2,1,FINISHED
2024,497672,2025-02-25T19:30:00Z,27,Crystal Palace FC,Aston Villa FC,4,1,FINISHED
2024,497674,2025-02-25T19:30:00Z,27,Wolverhampton Wanderers FC,Fulham FC,1,2,FINISHED
2024,497678,2025-02-25T20:15:00Z,27,Chelsea FC,Southampton FC,4,0,FINISHED
2024,497671,2025-02-26T19:30:00Z,27,Nottingham Forest FC,Arsenal FC,0,0,FINISHED
2024,497673,2025-02-26T19:30:00Z,27,Brentford FC,Everton FC,1,1,FINISHED
2024,497675,2025-02-26T19:30:00Z,27,Tottenham Hotspur FC,Manchester City FC,0,1,FINISHED
2024,497677,2025-02-26T19:30:00Z,27,Manchester United FC,Ipswich Town FC,3,2,FINISHED
2024,497679,2025-02-26T20:15:00Z,27,Liverpool FC,Newcastle United FC,2,0,FINISHED
2024,497676,2025-02-27T20:00:00Z,27,West Ham United FC,Leicester City FC,2,0,FINISHED
2024,497687,2025-03-08T12:30:00Z,28,Nottingham Forest FC,Manchester City FC,1,0,FINISHED
2024,497684,2025-03-08T15:00:00Z,28,Brighton & Hove Albion FC,Fulham FC,2,1,FINISHED
2024,497685,2025-03-08T15:00:00Z,28,Crystal Palace FC,Ipswich Town FC,1,0,FINISHED
2024,497688,2025-03-08T15:00:00Z,28,Liverpool FC,Southampton FC,3,1,FINISHED
2024,497682,2025-03-08T17:30:00Z,28,Brentford FC,Aston Villa FC,0,1,FINISHED
2024,497683,2025-03-08T20:00:00Z,28,Wolverhampton Wanderers FC,Everton FC,1,1,FINISHED
2024,497680,2025-03-09T14:00:00Z,28,Tottenham Hotspur FC,AFC Bournemouth,2,2,FINISHED
2024,497689,2025-03-09T14:00:00Z,28,Chelsea FC,Leicester City FC,1,0,FINISHED
2024,497681,2025-03-09T16:30:00Z,28,Manchester United FC,Arsenal FC,1,1,FINISHED
2024,497686,2025-03-10T20:00:00Z,28,West Ham United FC,Newcastle United FC,0,1,FINISHED
2024,497693,2025-03-15T15:00:00Z,29,Everton FC,West Ham United FC,1,1,FINISHED
2024,497695,2025-03-15T15:00:00Z,29,Ipswich Town FC,Nottingham Forest FC,2,4,FINISHED
2024,497697,2025-03-15T15:00:00Z,29,Manchester City FC,Brighton & Hove Albion FC,2,2,FINISHED
2024,497699,2025-03-15T15:00:00Z,29,Southampton FC,Wolverhampton Wanderers FC,1,2,FINISHED
2024,497690,2025-03-15T17:30:00Z,29,AFC Bournemouth,Brentford FC,1,2,FINISHED
2024,497691,2025-03-16T13:30:00Z,29,Arsenal FC,Chelsea FC,1,0,FINISHED
2024,497694,2025-03-16T13:30:00Z,29,Fulham FC,Tottenham Hotspur FC,2,0,FINISHED
2024,497696,2025-03-16T19:00:00Z,29,Leicester City FC,Manchester United FC,0,3,FINISHED
2024,497701,2025-04-01T18:45:00Z,30,Arsenal FC,Fulham FC,2,1,FINISHED
2024,497704,2025-04-01T18:45:00Z,30,Wolverhampton Wanderers FC,West Ham United FC,1,0,FINISHED
2024,497703,2025-04-01T19:00:00Z,30,Nottingham Forest FC,Manchester United FC,1,0,FINISHED
2024,497700,2025-04-02T18:45:00Z,30,AFC Bournemouth,Ipswich Town FC,1,2,FINISHED
2024,497702,2025-04-02T18:45:00Z,30,Brighton & Hove Albion FC,Aston Villa FC,0,3,FINISHED
2024,497706,2025-04-02T18:45:00Z,30,Manchester City FC,Leicester City FC,2,0,FINISHED
2024,497707,2025-04-02T18:45:00Z,30,Newcastle United FC,Brentford FC,2,1,FINISHED
2024,497708,2025-04-02T18:45:00Z,30,Southampton FC,Crystal Palace FC,1,1,FINISHED
2024,497709,2025-04-02T19:00:00Z,30,Liverpool FC,Everton FC,1,0,FINISHED
2024,497705,2025-04-03T19:00:00Z,30,Chelsea FC,Tottenham Hotspur FC,1,0,FINISHED
2024,497713,2025-04-05T11:30:00Z,31,Everton FC,Arsenal FC,1,1,FINISHED
2024,497712,2025-04-05T14:00:00Z,31,Crystal Palace FC,Brighton & Hove Albion FC,2,1,FINISHED
2024,497715,2025-04-05T14:00:00Z,31,Ipswich Town FC,Wolverhampton Wanderers FC,1,2,FINISHED
2024,497719,2025-04-05T14:00:00Z,31,West Ham United FC,AFC Bournemouth,2,2,FINISHED
2024,497710,2025-04-05T16:30:00Z,31,Aston Villa FC,Nottingham Forest FC,2,1,FINISHED
2024,497711,2025-04-06T13:00:00Z,31,Brentford FC,Chelsea FC,0,0,FINISHED
2024,497714,2025-04-06T13:00:00Z,31,Fulham FC,Liverpool FC,3,2,FINISHED
2024,497718,2025-04-06T13:00:00Z,31,Tottenham Hotspur FC,Southampton FC,3,1,FINISHED
2024,497717,2025-04-06T15:30:00Z,31,Manchester United FC,Manchester City FC,0,0,FINISHED
2024,497716,2025-04-07T19:00:00Z,31,Leicester City FC,Newcastle United FC,0,3,FINISHED
2024,497725,2025-04-12T11:30:00Z,32,Manchester City FC,Crystal Palace FC,5,2,FINISHED
2024,497722,2025-04-12T14:00:00Z,32,Brighton & Hove Albion FC,Leicester City FC,2,2,FINISHED
2024,497727,2025-04-12T14:00:00Z,32,Nottingham Forest FC,Everton FC,0,1,FINISHED
2024,497728,2025-04-12T14:00:00Z,32,Southampton FC,Aston Villa FC,0,3,FINISHED
2024,497721,2025-04-12T16:30:00Z,32,Arsenal FC,Brentford FC,1,1,FINISHED
2024,497723,2025-04-13T13:00:00Z,32,Chelsea FC,Ipswich Town FC,2,2,FINISHED
2024,497724,2025-04-13T13:00:00Z,32,Liverpool FC,West Ham United FC,2,1,FINISHED
2024,497729,2025-04-13T13:00:00Z,32,Wolverhampton Wanderers FC,Tottenham Hotspur FC,4,2,FINISHED
2024,497726,2025-04-13T15:30:00Z,32,Newcastle United FC,Manchester United FC,4,1,FINISHED
2024,497720,2025-04-14T19:00:00Z,32,AFC Bournemouth,Fulham FC,1,0,FINISHED
2024,497698,2025-04-16T18:30:00Z,29,Newcastle United FC,Crystal Palace FC,5,0,FINISHED
2024,497731,2025-04-19T14:00:00Z,33,Brentford FC,Brighton & Hove Albion FC,4,2,FINISHED
2024,497732,2025-04-19T14:00:00Z,33,Crystal Palace FC,AFC Bournemouth,0,0,FINISHED
2024,497733,2025-04-19T14:00:00Z,33,Everton FC,Manchester City FC,0,2,FINISHED
2024,497739,2025-04-19T14:00:00Z,33,West Ham United FC,Southampton FC,1,1,FINISHED
2024,497730,2025-04-19T16:30:00Z,33,Aston Villa FC,Newcastle United FC,4,1,FINISHED
2024,497734,2025-04-20T13:00:00Z,33,Fulham FC,Chelsea FC,1,2,FINISHED
2024,497735,2025-04-20T13:00:00Z,33,Ipswich Town FC,Arsenal FC,0,4,FINISHED
2024,497737,2025-04-20T13:00:00Z,33,Manchester United FC,Wolverhampton Wanderers FC,0,1,FINISHED
2024,497736,2025-04-20T15:30:00Z,33,Leicester City FC,Liverpool FC,0,1,FINISHED
2024,497738,2025-04-21T19:00:00Z,33,Tottenham Hotspur FC,Nottingham Forest FC,1,2,FINISHED
2024,497745,2025-04-22T19:00:00Z,34,Manchester City FC,Aston Villa FC,2,1,FINISHED
2024,497741,2025-04-23T19:00:00Z,34,Arsenal FC,Crystal Palace FC,2,2,FINISHED
2024,497743,2025-04-26T11:30:00Z,34,Chelsea FC,Everton FC,1,0,FINISHED
2024,497742,2025-04-26T14:00:00Z,34,Brighton & Hove Albion FC,West Ham United FC,3,2,FINISHED
2024,497746,2025-04-26T14:00:00Z,34,Newcastle United FC,Ipswich Town FC,3,0,FINISHED
2024,497748,2025-04-26T14:00:00Z,34,Southampton FC,Fulham FC,1,2,FINISHED
2024,497749,2025-04-26T14:00:00Z,34,Wolverhampton Wanderers FC,Leicester City FC,3,0,FINISHED
2024,497740,2025-04-27T13:00:00Z,34,AFC Bournemouth,Manchester United FC,1,1,FINISHED
2024,497744,2025-04-27T15:30:00Z,34,Liverpool FC,Tottenham Hotspur FC,5,1,FINISHED
2024,497747,2025-05-01T18:30:00Z,34,Nottingham Forest FC,Brentford FC,0,2,FINISHED
2024,497758,2025-05-02T19:00:00Z,35,Manchester City FC,Wolverhampton Wanderers FC,1,0,FINISHED
2024,497751,2025-05-03T11:30:00Z,35,Aston Villa FC,Fulham FC,1,0,FINISHED
2024,497756,2025-05-03T14:00:00Z,35,Everton FC,Ipswich Town FC,2,2,FINISHED
2024,497757,2025-05-03T14:00:00Z,35,Leicester City FC,Southampton FC,2,0,FINISHED
2024,497750,2025-05-03T16:30:00Z,35,Arsenal FC,AFC Bournemouth,1,2,FINISHED
2024,497752,2025-05-04T13:00:00Z,35,Brentford FC,Manchester United FC,4,3,FINISHED
2024,497753,2025-05-04T13:00:00Z,35,Brighton & Hove Albion FC,Newcastle United FC,1,1,FINISHED
2024,497759,2025-05-04T13:00:00Z,35,West Ham United FC,Tottenham Hotspur FC,1,1,FINISHED
2024,497754,2025-05-04T15:30:00Z,35,Chelsea FC,Liverpool FC,3,1,FINISHED
2024,497755,2025-05-05T19:00:00Z,35,Crystal Palace FC,Nottingham Forest FC,1,1,FINISHED
2024,497761,2025-05-10T14:00:00Z,36,Fulham FC,Everton FC,1,3,FINISHED
2024,497762,2025-05-10T14:00:00Z,36,Ipswich Town FC,Brentford FC,0,1,FINISHED
2024,497767,2025-05-10T14:00:00Z,36,Southampton FC,Manchester City FC,0,0,FINISHED
2024,497769,2025-05-10T14:00:00Z,36,Wolverhampton Wanderers FC,Brighton & Hove Albion FC,0,2,FINISHED
2024,497760,2025-05-10T16:30:00Z,36,AFC Bournemouth,Aston Villa FC,0,1,FINISHED
2024,497765,2025-05-11T11:00:00Z,36,Newcastle United FC,Chelsea FC,2,0,FINISHED
2024,497764,2025-05-11T13:15:00Z,36,Manchester United FC,West Ham United FC,0,2,FINISHED
2024,497766,2025-05-11T13:15:00Z,36,Nottingham Forest FC,Leicester City FC,2,2,FINISHED
2024,497768,2025-05-11T13:15:00Z,36,Tottenham Hotspur FC,Crystal Palace FC,0,2,FINISHED
2024,497763,2025-05-11T15:30:00Z,36,Liverpool FC,Arsenal FC,2,2,FINISHED
2024,497771,2025-05-16T18:30:00Z,37,Aston Villa FC,Tottenham Hotspur FC,2,0,FINISHED
2024,497774,2025-05-16T19:15:00Z,37,Chelsea FC,Manchester United FC,1,0,FINISHED
2024,497776,2025-05-18T11:00:00Z,37,Everton FC,Southampton FC,2,0,FINISHED
2024,497779,2025-05-18T13:15:00Z,37,West Ham United FC,Nottingham Forest FC,1,2,FINISHED
2024,497772,2025-05-18T14:00:00Z,37,Brentford FC,Fulham FC,2,3,FINISHED
2024,497777,2025-05-18T14:00:00Z,37,Leicester City FC,Ipswich Town FC,2,0,FINISHED
2024,497770,2025-05-18T15:30:00Z,37,Arsenal FC,Newcastle United FC,1,0,FINISHED
2024,497773,2025-05-19T19:00:00Z,37,Brighton & Hove Albion FC,Liverpool FC,3,2,FINISHED
2024,497775,2025-05-20T19:00:00Z,37,Crystal Palace FC,Wolverhampton Wanderers FC,4,2,FINISHED
2024,497778,2025-05-20T19:00:00Z,37,Manchester City FC,AFC Bournemouth,3,1,FINISHED
2024,497780,2025-05-25T15:00:00Z,38,AFC Bournemouth,Leicester City FC,2,0,FINISHED
2024,497781,2025-05-25T15:00:00Z,38,Fulham FC,Manchester City FC,0,2,FINISHED
2024,497782,2025-05-25T15:00:00Z,38,Ipswich Town FC,West Ham United FC,1,3,FINISHED
2024,497783,2025-05-25T15:00:00Z,38,Liverpool FC,Crystal Palace FC,1,1,FINISHED
2024,497784,2025-05-25T15:00:00Z,38,Manchester United FC,Aston Villa FC,2,0,FINISHED
2024,497785,2025-05-25T15:00:00Z,38,Newcastle United FC,Everton FC,0,1,FINISHED
2024,497786,2025-05-25T15:00:00Z,38,Nottingham Forest FC,Chelsea FC,0,1,FINISHED
2024,497787,2025-05-25T15:00:00Z,38,Southampton FC,Arsenal FC,1,2,FINISHED
2024,497788,2025-05-25T15:00:00Z,38,Tottenham Hotspur FC,Brighton & Hove Albion FC,1,4,FINISHED
2024,497789,2025-05-25T15:00:00Z,38,Wolverhampton Wanderers FC,Brentford FC,1,1,FINISHED
2023,435943,2023-08-11T19:00:00Z,1,Burnley FC,Manchester City FC,0,3,FINISHED
2023,435944,2023-08-12T12:00:00Z,1,Arsenal FC,Nottingham Forest FC,2,1,FINISHED
2023,435945,2023-08-12T14:00:00Z,1,AFC Bournemouth,West Ham United FC,1,1,FINISHED
2023,435946,2023-08-12T14:00:00Z,1,Brighton & Hove Albion FC,Luton Town FC,4,1,FINISHED
2023,435947,2023-08-12T14:00:00Z,1,Everton FC,Fulham FC,0,1,FINISHED
2023,435948,2023-08-12T14:00:00Z,1,Sheffield United FC,Crystal Palace FC,0,1,FINISHED
2023,435949,2023-08-12T16:30:00Z,1,Newcastle United FC,Aston Villa FC,5,1,FINISHED
2023,435950,2023-08-13T13:00:00Z,1,Brentford FC,Tottenham Hotspur FC,2,2,FINISHED
2023,435951,2023-08-13T15:30:00Z,1,Chelsea FC,Liverpool FC,1,1,FINISHED
2023,435952,2023-08-14T19:00:00Z,1,Manchester United FC,Wolverhampton Wanderers FC,1,0,FINISHED
2023,435959,2023-08-18T18:45:00Z,2,Nottingham Forest FC,Sheffield United FC,2,1,FINISHED
2023,435955,2023-08-19T14:00:00Z,2,Fulham FC,Brentford FC,0,3,FINISHED
2023,435956,2023-08-19T14:00:00Z,2,Liverpool FC,AFC Bournemouth,3,1,FINISHED
2023,435962,2023-08-19T14:00:00Z,2,Wolverhampton Wanderers FC,Brighton & Hove Albion FC,1,4,FINISHED
2023,435960,2023-08-19T16:30:00Z,2,Tottenham Hotspur FC,Manchester United FC,2,0,FINISHED
2023,435958,2023-08-19T19:00:00Z,2,Manchester City FC,Newcastle United FC,1,0,FINISHED
2023,435953,2023-08-20T13:00:00Z,2,Aston Villa FC,Everton FC,4,0,FINISHED
2023,435961,2023-08-20T15:30:00Z,2,West Ham United FC,Chelsea FC,3,1,FINISHED
2023,435954,2023-08-21T19:00:00Z,2,Crystal Palace FC,Arsenal FC,0,1,FINISHED
2023,435968,2023-08-25T19:00:00Z,3,Chelsea FC,Luton Town FC,3,0,FINISHED
2023,435963,2023-08-26T11:30:00Z,3,AFC Bournemouth,Tottenham Hotspur FC,0,2,FINISHED
2023,435969,2023-08-26T14:00:00Z,3,Everton FC,Wolverhampton Wanderers FC,0,1,FINISHED
2023,435970,2023-08-26T14:00:00Z,3,Manchester United FC,Nottingham Forest FC,3,2,FINISHED
2023,435964,2023-08-26T14:00:00Z,3,Arsenal FC,Fulham FC,2,2,FINISHED
2023,435965,2023-08-26T14:00:00Z,3,Brentford FC,Crystal Palace FC,1,1,FINISHED
2023,435966,2023-08-26T16:30:00Z,3,Brighton & Hove Albion FC,West Ham United FC,1,3,FINISHED
2023,435972,2023-08-27T13:00:00Z,3,Sheffield United FC,Manchester City FC,1,2,FINISHED
2023,435967,2023-08-27T13:00:00Z,3,Burnley FC,Aston Villa FC,1,3,FINISHED
2023,435971,2023-08-27T15:30:00Z,3,Newcastle United FC,Liverpool FC,1,2,FINISHED
2023,435980,2023-09-01T19:00:00Z,4,Luton Town FC,West Ham United FC,1,2,FINISHED
2023,435982,2023-09-02T11:30:00Z,4,Sheffield United FC,Everton FC,2,2,FINISHED
2023,435974,2023-09-02T14:00:00Z,4,Brentford FC,AFC Bournemouth,2,2,FINISHED
2023,435976,2023-09-02T14:00:00Z,4,Burnley FC,Tottenham Hotspur FC,2,5,FINISHED
2023,435977,2023-09-02T14:00:00Z,4,Chelsea FC,Nottingham Forest FC,0,1,FINISHED
2023,435981,2023-09-02T14:00:00Z,4,Manchester City FC,Fulham FC,5,1,FINISHED
2023,435975,2023-09-02T16:30:00Z,4,Brighton & Hove Albion FC,Newcastle United FC,3,1,FINISHED
2023,435978,2023-09-03T13:00:00Z,4,Crystal Palace FC,Wolverhampton Wanderers FC,3,2,FINISHED
2023,435979,2023-09-03T13:00:00Z,4,Liverpool FC,Aston Villa FC,3,0,FINISHED
2023,435973,2023-09-03T15:30:00Z,4,Arsenal FC,Manchester United FC,3,1,FINISHED
2023,435992,2023-09-16T11:30:00Z,5,Wolverhampton Wanderers FC,Liverpool FC,1,3,FINISHED
2023,435984,2023-09-16T14:00:00Z,5,Aston Villa FC,Crystal Palace FC,3,1,FINISHED
2023,435986,2023-09-16T14:00:00Z,5,Fulham FC,Luton Town FC,1,0,FINISHED
2023,435987,2023-09-16T14:00:00Z,5,Manchester United FC,Brighton & Hove Albion FC,1,3,FINISHED
2023,435990,2023-09-16T14:00:00Z,5,Tottenham Hotspur FC,Sheffield United FC,2,1,FINISHED
2023,435991,2023-09-16T14:00:00Z,5,West Ham United FC,Manchester City FC,1,3,FINISHED
2023,435988,2023-09-16T16:30:00Z,5,Newcastle United FC,Brentford FC,1,0,FINISHED
2023,435983,2023-09-17T13:00:00Z,5,AFC Bournemouth,Chelsea FC,0,0,FINISHED
2023,435985,2023-09-17T15:30:00Z,5,Everton FC,Arsenal FC,0,1,FINISHED
2023,435989,2023-09-18T18:45:00Z,5,Nottingham Forest FC,Burnley FC,1,1,FINISHED
2023,435998,2023-09-23T14:00:00Z,6,Crystal Palace FC,Fulham FC,0,0,FINISHED
2023,436000,2023-09-23T14:00:00Z,6,Luton Town FC,Wolverhampton Wanderers FC,1,1,FINISHED
2023,436001,2023-09-23T14:00:00Z,6,Manchester City FC,Nottingham Forest FC,2,0,FINISHED
2023,435994,2023-09-23T16:30:00Z,6,Brentford FC,Everton FC,1,3,FINISHED
2023,435996,2023-09-23T19:00:00Z,6,Burnley FC,Manchester United FC,0,1,FINISHED
2023,435993,2023-09-24T13:00:00Z,6,Arsenal FC,Tottenham Hotspur FC,2,2,FINISHED
2023,435995,2023-09-24T13:00:00Z,6,Brighton & Hove Albion FC,AFC Bournemouth,3,1,FINISHED
2023,435997,2023-09-24T13:00:00Z,6,Chelsea FC,Aston Villa FC,0,1,FINISHED
2023,435999,2023-09-24T13:00:00Z,6,Liverpool FC,West Ham United FC,3,1,FINISHED
2023,436002,2023-09-24T15:30:00Z,6,Sheffield United FC,Newcastle United FC,0,8,FINISHED
2023,436004,2023-09-30T11:30:00Z,7,Aston Villa FC,Brighton & Hove Albion FC,6,1,FINISHED
2023,436003,2023-09-30T14:00:00Z,7,AFC Bournemouth,Arsenal FC,0,4,FINISHED
2023,436005,2023-09-30T14:00:00Z,7,Everton FC,Luton Town FC,1,2,FINISHED
2023,436007,2023-09-30T14:00:00Z,7,Manchester United FC,Crystal Palace FC,0,1,FINISHED
2023,436008,2023-09-30T14:00:00Z,7,Newcastle United FC,Burnley FC,2,0,FINISHED
2023,436011,2023-09-30T14:00:00Z,7,West Ham United FC,Sheffield United FC,2,0,FINISHED
2023,436012,2023-09-30T14:00:00Z,7,Wolverhampton Wanderers FC,Manchester City FC,2,1,FINISHED
2023,436010,2023-09-30T16:30:00Z,7,Tottenham Hotspur FC,Liverpool FC,2,1,FINISHED
2023,436009,2023-10-01T13:00:00Z,7,Nottingham Forest FC,Brentford FC,1,1,FINISHED
2023,436006,2023-10-02T19:00:00Z,7,Fulham FC,Chelsea FC,0,2,FINISHED
2023,435957,2023-10-03T18:30:00Z,2,Luton Town FC,Burnley FC,1,2,FINISHED
2023,436019,2023-10-07T11:30:00Z,8,Luton Town FC,Tottenham Hotspur FC,0,1,FINISHED
2023,436015,2023-10-07T14:00:00Z,8,Burnley FC,Chelsea FC,1,4,FINISHED
2023,436017,2023-10-07T14:00:00Z,8,Everton FC,AFC Bournemouth,3,0,FINISHED
2023,436018,2023-10-07T14:00:00Z,8,Fulham FC,Sheffield United FC,3,1,FINISHED
2023,436020,2023-10-07T14:00:00Z,8,Manchester United FC,Brentford FC,2,1,FINISHED
2023,436016,2023-10-07T16:30:00Z,8,Crystal Palace FC,Nottingham Forest FC,0,0,FINISHED
2023,436014,2023-10-08T13:00:00Z,8,Brighton & Hove Albion FC,Liverpool FC,2,2,FINISHED
2023,436021,2023-10-08T13:00:00Z,8,West Ham United FC,Newcastle United FC,2,2,FINISHED
2023,436022,2023-10-08T13:00:00Z,8,Wolverhampton Wanderers FC,Aston Villa FC,1,1,FINISHED
2023,436013,2023-10-08T15:30:00Z,8,Arsenal FC,Manchester City FC,1,0,FINISHED
2023,436027,2023-10-21T11:30:00Z,9,Liverpool FC,Everton FC,2,0,FINISHED
2023,436023,2023-10-21T14:00:00Z,9,AFC Bournemouth,Wolverhampton Wanderers FC,1,2,FINISHED
2023,436025,2023-10-21T14:00:00Z,9,Brentford FC,Burnley FC,3,0,FINISHED
2023,436028,2023-10-21T14:00:00Z,9,Manchester City FC,Brighton & Hove Albion FC,2,1,FINISHED
2023,436029,2023-10-21T14:00:00Z,9,Newcastle United FC,Crystal Palace FC,4,0,FINISHED
2023,436030,2023-10-21T14:00:00Z,9,Nottingham Forest FC,Luton Town FC,2,2,FINISHED
2023,436026,2023-10-21T16:30:00Z,9,Chelsea FC,Arsenal FC,2,2,FINISHED
2023,436031,2023-10-21T19:00:00Z,9,Sheffield United FC,Manchester United FC,1,2,FINISHED
2023,436024,2023-10-22T15:30:00Z,9,Aston Villa FC,West Ham United FC,4,1,FINISHED
2023,436032,2023-10-23T19:00:00Z,9,Tottenham Hotspur FC,Fulham FC,2,0,FINISHED
2023,436038,2023-10-27T19:00:00Z,10,Crystal Palace FC,Tottenham Hotspur FC,1,2,FINISHED
2023,436037,2023-10-28T11:30:00Z,10,Chelsea FC,Brentford FC,0,2,FINISHED
2023,436033,2023-10-28T14:00:00Z,10,AFC Bournemouth,Burnley FC,2,1,FINISHED
2023,436034,2023-10-28T14:00:00Z,10,Arsenal FC,Sheffield United FC,5,0,FINISHED
2023,436042,2023-10-28T16:30:00Z,10,Wolverhampton Wanderers FC,Newcastle United FC,2,2,FINISHED
2023,436041,2023-10-29T13:00:00Z,10,West Ham United FC,Everton FC,0,1,FINISHED
2023,436035,2023-10-29T14:00:00Z,10,Aston Villa FC,Luton Town FC,3,1,FINISHED
2023,436036,2023-10-29T14:00:00Z,10,Brighton & Hove Albion FC,Fulham FC,1,1,FINISHED
2023,436039,2023-10-29T14:00:00Z,10,Liverpool FC,Nottingham Forest FC,3,0,FINISHED
2023,436040,2023-10-29T15:30:00Z,10,Manchester United FC,Manchester City FC,0,3,FINISHED
2023,436046,2023-11-04T12:30:00Z,11,Fulham FC,Manchester United FC,0,1,FINISHED
2023,436043,2023-11-04T15:00:00Z,11,Brentford FC,West Ham United FC,3,2,FINISHED
2023,436044,2023-11-04T15:00:00Z,11,Burnley FC,Crystal Palace FC,0,2,FINISHED
2023,436045,2023-11-04T15:00:00Z,11,Everton FC,Brighton & Hove Albion FC,1,1,FINISHED
2023,436048,2023-11-04T15:00:00Z,11,Manchester City FC,AFC Bournemouth,6,1,FINISHED
2023,436051,2023-11-04T15:00:00Z,11,Sheffield United FC,Wolverhampton Wanderers FC,2,1,FINISHED
2023,436049,2023-11-04T17:30:00Z,11,Newcastle United FC,Arsenal FC,1,0,FINISHED
2023,436050,2023-11-05T14:00:00Z,11,Nottingham Forest FC,Aston Villa FC,2,0,FINISHED
2023,436047,2023-11-05T16:30:00Z,11,Luton Town FC,Liverpool FC,1,1,FINISHED
2023,436052,2023-11-06T20:00:00Z,11,Tottenham Hotspur FC,Chelsea FC,1,4,FINISHED
2023,436062,2023-11-11T12:30:00Z,12,Wolverhampton Wanderers FC,Tottenham Hotspur FC,2,1,FINISHED
2023,436054,2023-11-11T15:00:00Z,12,Arsenal FC,Burnley FC,3,1,FINISHED
2023,436058,2023-11-11T15:00:00Z,12,Crystal Palace FC,Everton FC,2,3,FINISHED
2023,436060,2023-11-11T15:00:00Z,12,Manchester United FC,Luton Town FC,1,0,FINISHED
2023,436053,2023-11-11T17:30:00Z,12,AFC Bournemouth,Newcastle United FC,2,0,FINISHED
2023,436055,2023-11-12T14:00:00Z,12,Aston Villa FC,Fulham FC,3,1,FINISHED
2023,436056,2023-11-12T14:00:00Z,12,Brighton & Hove Albion FC,Sheffield United FC,1,1,FINISHED
2023,436059,2023-11-12T14:00:00Z,12,Liverpool FC,Brentford FC,3,0,FINISHED
2023,436061,2023-11-12T14:00:00Z,12,West Ham United FC,Nottingham Forest FC,3,2,FINISHED
2023,436057,2023-11-12T16:30:00Z,12,Chelsea FC,Manchester City FC,4,4,FINISHED
2023,436068,2023-11-25T12:30:00Z,13,Manchester City FC,Liverpool FC,1,1,FINISHED
2023,436064,2023-11-25T15:00:00Z,13,Burnley FC,West Ham United FC,1,2,FINISHED
2023,436067,2023-11-25T15:00:00Z,13,Luton Town FC,Crystal Palace FC,2,1,FINISHED
2023,436069,2023-11-25T15:00:00Z,13,Newcastle United FC,Chelsea FC,4,1,FINISHED
2023,436070,2023-11-25T15:00:00Z,13,Nottingham Forest FC,Brighton & Hove Albion FC,2,3,FINISHED
2023,436071,2023-11-25T15:00:00Z,13,Sheffield United FC,AFC Bournemouth,1,3,FINISHED
2023,436063,2023-11-25T17:30:00Z,13,Brentford FC,Arsenal FC,0,1,FINISHED
2023,436072,2023-11-26T14:00:00Z,13,Tottenham Hotspur FC,Aston Villa FC,1,2,FINISHED
2023,436065,2023-11-26T16:30:00Z,13,Everton FC,Manchester United FC,0,3,FINISHED
2023,436066,2023-11-27T20:00:00Z,13,Fulham FC,Wolverhampton Wanderers FC,3,2,FINISHED
2023,436074,2023-12-02T15:00:00Z,14,Arsenal FC,Wolverhampton Wanderers FC,2,1,FINISHED
2023,436075,2023-12-02T15:00:00Z,14,Brentford FC,Luton Town FC,3,1,FINISHED
2023,436076,2023-12-02T15:00:00Z,14,Burnley FC,Sheffield United FC,5,0,FINISHED
2023,436081,2023-12-02T17:30:00Z,14,Nottingham Forest FC,Everton FC,0,1,FINISHED
2023,436080,2023-12-02T20:00:00Z,14,Newcastle United FC,Manchester United FC,1,0,FINISHED
2023,436073,2023-12-03T14:00:00Z,14,AFC Bournemouth,Aston Villa FC,2,2,FINISHED
2023,436077,2023-12-03T14:00:00Z,14,Chelsea FC,Brighton & Hove Albion FC,3,2,FINISHED
2023,436078,2023-12-03T14:00:00Z,14,Liverpool FC,Fulham FC,4,3,FINISHED
2023,436082,2023-12-03T14:00:00Z,14,West Ham United FC,Crystal Palace FC,1,1,FINISHED
2023,436079,2023-12-03T16:30:00Z,14,Manchester City FC,Tottenham Hotspur FC,3,3,FINISHED
2023,436090,2023-12-05T19:30:00Z,15,Wolverhampton Wanderers FC,Burnley FC,1,0,FINISHED
2023,436087,2023-12-05T20:15:00Z,15,Luton Town FC,Arsenal FC,3,4,FINISHED
2023,436084,2023-12-06T19:30:00Z,15,Brighton & Hove Albion FC,Brentford FC,2,1,FINISHED
2023,436086,2023-12-06T19:30:00Z,15,Fulham FC,Nottingham Forest FC,5,0,FINISHED
2023,436088,2023-12-06T19:30:00Z,15,Sheffield United FC,Liverpool FC,0,2,FINISHED
2023,436091,2023-12-06T19:30:00Z,15,Crystal Palace FC,AFC Bournemouth,0,2,FINISHED
2023,436083,2023-12-06T20:15:00Z,15,Aston Villa FC,Manchester City FC,1,0,FINISHED
2023,436092,2023-12-06T20:15:00Z,15,Manchester United FC,Chelsea FC,2,1,FINISHED
2023,436085,2023-12-07T19:30:00Z,15,Everton FC,Newcastle United FC,3,0,FINISHED
2023,436089,2023-12-07T20:15:00Z,15,Tottenham Hotspur FC,West Ham United FC,1,2,FINISHED
2023,436095,2023-12-09T12:30:00Z,16,Crystal Palace FC,Liverpool FC,1,2,FINISHED
2023,436094,2023-12-09T15:00:00Z,16,Brighton & Hove Albion FC,Burnley FC,1,1,FINISHED
2023,436099,2023-12-09T15:00:00Z,16,Manchester United FC,AFC Bournemouth,0,3,FINISHED
2023,436100,2023-12-09T15:00:00Z,16,Sheffield United FC,Brentford FC,1,0,FINISHED
2023,436102,2023-12-09T15:00:00Z,16,Wolverhampton Wanderers FC,Nottingham Forest FC,1,1,FINISHED
2023,436093,2023-12-09T17:30:00Z,16,Aston Villa FC,Arsenal FC,1,0,FINISHED
2023,436096,2023-12-10T14:00:00Z,16,Everton FC,Chelsea FC,2,0,FINISHED
2023,436097,2023-12-10T14:00:00Z,16,Fulham FC,West Ham United FC,5,0,FINISHED
2023,436098,2023-12-10T14:00:00Z,16,Luton Town FC,Manchester City FC,1,2,FINISHED
2023,436101,2023-12-10T16:30:00Z,16,Tottenham Hotspur FC,Newcastle United FC,4,1,FINISHED
2023,436111,2023-12-15T20:00:00Z,17,Nottingham Forest FC,Tottenham Hotspur FC,0,2,FINISHED
2023,436107,2023-12-16T15:00:00Z,17,Chelsea FC,Sheffield United FC,2,0,FINISHED
2023,436109,2023-12-16T15:00:00Z,17,Manchester City FC,Crystal Palace FC,2,2,FINISHED
2023,436110,2023-12-16T15:00:00Z,17,Newcastle United FC,Fulham FC,3,0,FINISHED
2023,436106,2023-12-16T17:30:00Z,17,Burnley FC,Everton FC,0,2,FINISHED
2023,436104,2023-12-17T14:00:00Z,17,Arsenal FC,Brighton & Hove Albion FC,2,0,FINISHED
2023,436105,2023-12-17T14:00:00Z,17,Brentford FC,Aston Villa FC,1,2,FINISHED
2023,436112,2023-12-17T14:00:00Z,17,West Ham United FC,Wolverhampton Wanderers FC,3,0,FINISHED
2023,436108,2023-12-17T16:30:00Z,17,Liverpool FC,Manchester United FC,0,0,FINISHED
2023,436114,2023-12-21T20:00:00Z,18,Crystal Palace FC,Brighton & Hove Albion FC,1,1,FINISHED
2023,436113,2023-12-22T20:00:00Z,18,Aston Villa FC,Sheffield United FC,1,1,FINISHED
2023,436121,2023-12-23T12:30:00Z,18,West Ham United FC,Manchester United FC,2,0,FINISHED
2023,436115,2023-12-23T15:00:00Z,18,Fulham FC,Burnley FC,0,2,FINISHED
2023,436117,2023-12-23T15:00:00Z,18,Luton Town FC,Newcastle United FC,1,0,FINISHED
2023,436119,2023-12-23T15:00:00Z,18,Nottingham Forest FC,AFC Bournemouth,2,3,FINISHED
2023,436120,2023-12-23T15:00:00Z,18,Tottenham Hotspur FC,Everton FC,2,1,FINISHED
2023,436116,2023-12-23T17:30:00Z,18,Liverpool FC,Arsenal FC,1,1,FINISHED
2023,436122,2023-12-24T13:00:00Z,18,Wolverhampton Wanderers FC,Chelsea FC,2,1,FINISHED
2023,436131,2023-12-26T12:30:00Z,19,Newcastle United FC,Nottingham Forest FC,1,3,FINISHED
2023,436123,2023-12-26T15:00:00Z,19,AFC Bournemouth,Fulham FC,3,0,FINISHED
2023,436132,2023-12-26T15:00:00Z,19,Sheffield United FC,Luton Town FC,2,3,FINISHED
2023,436127,2023-12-26T17:30:00Z,19,Burnley FC,Liverpool FC,0,2,FINISHED
2023,436130,2023-12-26T20:00:00Z,19,Manchester United FC,Aston Villa FC,3,2,FINISHED
2023,436125,2023-12-27T19:30:00Z,19,Brentford FC,Wolverhampton Wanderers FC,1,4,FINISHED
2023,436128,2023-12-27T19:30:00Z,19,Chelsea FC,Crystal Palace FC,2,1,FINISHED
2023,436129,2023-12-27T20:15:00Z,19,Everton FC,Manchester City FC,1,3,FINISHED
2023,436126,2023-12-28T19:30:00Z,19,Brighton & Hove Albion FC,Tottenham Hotspur FC,4,2,FINISHED
2023,436124,2023-12-28T20:15:00Z,19,Arsenal FC,West Ham United FC,0,2,FINISHED
2023,436137,2023-12-30T12:30:00Z,20,Luton Town FC,Chelsea FC,2,3,FINISHED
2023,436133,2023-12-30T15:00:00Z,20,Aston Villa FC,Burnley FC,3,2,FINISHED
2023,436134,2023-12-30T15:00:00Z,20,Crystal Palace FC,Brentford FC,3,1,FINISHED
2023,436138,2023-12-30T15:00:00Z,20,Manchester City FC,Sheffield United FC,2,0,FINISHED
2023,436142,2023-12-30T15:00:00Z,20,Wolverhampton Wanderers FC,Everton FC,3,0,FINISHED
2023,436139,2023-12-30T17:30:00Z,20,Nottingham Forest FC,Manchester United FC,2,1,FINISHED
2023,436135,2023-12-31T14:00:00Z,20,Fulham FC,Arsenal FC,2,1,FINISHED
2023,436140,2023-12-31T14:00:00Z,20,Tottenham Hotspur FC,AFC Bournemouth,3,1,FINISHED
2023,436136,2024-01-01T20:00:00Z,20,Liverpool FC,Newcastle United FC,4,2,FINISHED
2023,436141,2024-01-02T19:30:00Z,20,West Ham United FC,Brighton & Hove Albion FC,0,0,FINISHED
2023,436147,2024-01-12T19:45:00Z,21,Burnley FC,Luton Town FC,1,1,FINISHED
2023,436148,2024-01-13T12:30:00Z,21,Chelsea FC,Fulham FC,1,0,FINISHED
2023,436151,2024-01-13T17:30:00Z,21,Newcastle United FC,Manchester City FC,2,3,FINISHED
2023,436149,2024-01-14T14:00:00Z,21,Everton FC,Aston Villa FC,0,0,FINISHED
2023,436150,2024-01-14T16:30:00Z,21,Manchester United FC,Tottenham Hotspur FC,2,2,FINISHED
2023,436144,2024-01-20T12:30:00Z,21,Arsenal FC,Crystal Palace FC,5,0,FINISHED
2023,436145,2024-01-20T17:30:00Z,21,Brentford FC,Nottingham Forest FC,3,2,FINISHED
2023,436152,2024-01-21T14:00:00Z,21,Sheffield United FC,West Ham United FC,2,2,FINISHED
2023,436143,2024-01-21T16:30:00Z,21,AFC Bournemouth,Liverpool FC,0,4,FINISHED
2023,436146,2024-01-22T19:45:00Z,21,Brighton & Hove Albion FC,Wolverhampton Wanderers FC,0,0,FINISHED
2023,436153,2024-01-30T19:30:00Z,22,Nottingham Forest FC,Arsenal FC,1,2,FINISHED
2023,436155,2024-01-30T19:45:00Z,22,Luton Town FC,Brighton & Hove Albion FC,4,0,FINISHED
2023,436156,2024-01-30T19:45:00Z,22,Fulham FC,Everton FC,0,0,FINISHED
2023,436157,2024-01-30T20:00:00Z,22,Crystal Palace FC,Sheffield United FC,3,2,FINISHED
2023,436158,2024-01-30T20:15:00Z,22,Aston Villa FC,Newcastle United FC,1,3,FINISHED
2023,436159,2024-01-31T19:30:00Z,22,Tottenham Hotspur FC,Brentford FC,3,2,FINISHED
2023,436161,2024-01-31T19:30:00Z,22,Manchester City FC,Burnley FC,3,1,FINISHED
2023,436162,2024-01-31T20:15:00Z,22,Liverpool FC,Chelsea FC,4,1,FINISHED
2023,436154,2024-02-01T19:30:00Z,22,West Ham United FC,AFC Bournemouth,1,1,FINISHED
2023,436160,2024-02-01T20:15:00Z,22,Wolverhampton Wanderers FC,Manchester United FC,3,4,FINISHED
2023,436169,2024-02-03T12:30:00Z,23,Everton FC,Tottenham Hotspur FC,2,2,FINISHED
2023,436166,2024-02-03T15:00:00Z,23,Brighton & Hove Albion FC,Crystal Palace FC,4,1,FINISHED
2023,436167,2024-02-03T15:00:00Z,23,Burnley FC,Fulham FC,2,2,FINISHED
2023,436171,2024-02-03T15:00:00Z,23,Newcastle United FC,Luton Town FC,4,4,FINISHED
2023,436172,2024-02-03T17:30:00Z,23,Sheffield United FC,Aston Villa FC,0,5,FINISHED
2023,436163,2024-02-04T14:00:00Z,23,AFC Bournemouth,Nottingham Forest FC,1,1,FINISHED
2023,436168,2024-02-04T14:00:00Z,23,Chelsea FC,Wolverhampton Wanderers FC,2,4,FINISHED
2023,436170,2024-02-04T14:00:00Z,23,Manchester United FC,West Ham United FC,3,0,FINISHED
2023,436164,2024-02-04T16:30:00Z,23,Arsenal FC,Liverpool FC,3,1,FINISHED
2023,436165,2024-02-05T20:00:00Z,23,Brentford FC,Manchester City FC,1,3,FINISHED
2023,436178,2024-02-10T12:30:00Z,24,Manchester City FC,Everton FC,2,0,FINISHED
2023,436175,2024-02-10T15:00:00Z,24,Fulham FC,AFC Bournemouth,3,1,FINISHED
2023,436176,2024-02-10T15:00:00Z,24,Liverpool FC,Burnley FC,3,1,FINISHED
2023,436177,2024-02-10T15:00:00Z,24,Luton Town FC,Sheffield United FC,1,3,FINISHED
2023,436180,2024-02-10T15:00:00Z,24,Tottenham Hotspur FC,Brighton & Hove Albion FC,2,1,FINISHED
2023,436182,2024-02-10T15:00:00Z,24,Wolverhampton Wanderers FC,Brentford FC,0,2,FINISHED
2023,436179,2024-02-10T17:30:00Z,24,Nottingham Forest FC,Newcastle United FC,2,3,FINISHED
2023,436181,2024-02-11T14:00:00Z,24,West Ham United FC,Arsenal FC,0,6,FINISHED
2023,436173,2024-02-11T16:30:00Z,24,Aston Villa FC,Manchester United FC,1,2,FINISHED
2023,436174,2024-02-12T20:00:00Z,24,Crystal Palace FC,Chelsea FC,1,3,FINISHED
2023,436183,2024-02-17T12:30:00Z,25,Brentford FC,Liverpool FC,1,4,FINISHED
2023,436184,2024-02-17T15:00:00Z,25,Burnley FC,Arsenal FC,0,5,FINISHED
2023,436186,2024-02-17T15:00:00Z,25,Fulham FC,Aston Villa FC,1,2,FINISHED
2023,436189,2024-02-17T15:00:00Z,25,Newcastle United FC,AFC Bournemouth,2,2,FINISHED
2023,436190,2024-02-17T15:00:00Z,25,Nottingham Forest FC,West Ham United FC,2,0,FINISHED
2023,436192,2024-02-17T15:00:00Z,25,Tottenham Hotspur FC,Wolverhampton Wanderers FC,1,2,FINISHED
2023,436188,2024-02-17T17:30:00Z,25,Manchester City FC,Chelsea FC,1,1,FINISHED
2023,436191,2024-02-18T14:00:00Z,25,Sheffield United FC,Brighton & Hove Albion FC,0,5,FINISHED
2023,436187,2024-02-18T16:30:00Z,25,Luton Town FC,Manchester United FC,1,2,FINISHED
2023,436185,2024-02-19T20:00:00Z,25,Everton FC,Crystal Palace FC,1,1,FINISHED
2023,436118,2024-02-20T19:30:00Z,18,Manchester City FC,Brentford FC,1,0,FINISHED
2023,436199,2024-02-21T19:30:00Z,26,Liverpool FC,Luton Town FC,4,1,FINISHED
2023,436195,2024-02-24T15:00:00Z,26,Aston Villa FC,Nottingham Forest FC,4,2,FINISHED
2023,436196,2024-02-24T15:00:00Z,26,Brighton & Hove Albion FC,Everton FC,1,1,FINISHED
2023,436198,2024-02-24T15:00:00Z,26,Crystal Palace FC,Burnley FC,3,0,FINISHED
2023,436200,2024-02-24T15:00:00Z,26,Manchester United FC,Fulham FC,1,2,FINISHED
2023,436193,2024-02-24T17:30:00Z,26,AFC Bournemouth,Manchester City FC,0,1,FINISHED
2023,436194,2024-02-24T20:00:00Z,26,Arsenal FC,Newcastle United FC,4,1,FINISHED
2023,436202,2024-02-25T13:30:00Z,26,Wolverhampton Wanderers FC,Sheffield United FC,1,0,FINISHED
2023,436201,2024-02-26T20:00:00Z,26,West Ham United FC,Brentford FC,4,2,FINISHED
2023,436203,2024-03-02T15:00:00Z,27,Brentford FC,Chelsea FC,2,2,FINISHED
2023,436205,2024-03-02T15:00:00Z,27,Everton FC,West Ham United FC,1,3,FINISHED
2023,436206,2024-03-02T15:00:00Z,27,Fulham FC,Brighton & Hove Albion FC,3,0,FINISHED
2023,436209,2024-03-02T15:00:00Z,27,Newcastle United FC,Wolverhampton Wanderers FC,3,0,FINISHED
2023,436210,2024-03-02T15:00:00Z,27,Nottingham Forest FC,Liverpool FC,0,1,FINISHED
2023,436212,2024-03-02T15:00:00Z,27,Tottenham Hotspur FC,Crystal Palace FC,3,1,FINISHED
2023,436207,2024-03-02T17:30:00Z,27,Luton Town FC,Aston Villa FC,2,3,FINISHED
2023,436204,2024-03-03T13:00:00Z,27,Burnley FC,AFC Bournemouth,0,2,FINISHED
2023,436208,2024-03-03T15:30:00Z,27,Manchester City FC,Manchester United FC,3,1,FINISHED
2023,436211,2024-03-04T20:00:00Z,27,Sheffield United FC,Arsenal FC,0,6,FINISHED
2023,436220,2024-03-09T12:30:00Z,28,Manchester United FC,Everton FC,2,0,FINISHED
2023,436213,2024-03-09T15:00:00Z,28,AFC Bournemouth,Sheffield United FC,2,2,FINISHED
2023,436218,2024-03-09T15:00:00Z,28,Crystal Palace FC,Luton Town FC,1,1,FINISHED
2023,436222,2024-03-09T15:00:00Z,28,Wolverhampton Wanderers FC,Fulham FC,2,1,FINISHED
2023,436214,2024-03-09T17:30:00Z,28,Arsenal FC,Brentford FC,2,1,FINISHED
2023,436215,2024-03-10T13:00:00Z,28,Aston Villa FC,Tottenham Hotspur FC,0,4,FINISHED
2023,436216,2024-03-10T14:00:00Z,28,Brighton & Hove Albion FC,Nottingham Forest FC,1,0,FINISHED
2023,436221,2024-03-10T14:00:00Z,28,West Ham United FC,Burnley FC,2,2,FINISHED
2023,436219,2024-03-10T15:45:00Z,28,Liverpool FC,Manchester City FC,1,1,FINISHED
2023,436217,2024-03-11T20:00:00Z,28,Chelsea FC,Newcastle United FC,3,2,FINISHED
2023,436103,2024-03-13T19:30:00Z,17,AFC Bournemouth,Luton Town FC,4,3,FINISHED
2023,436225,2024-03-16T15:00:00Z,29,Burnley FC,Brentford FC,2,1,FINISHED
2023,436229,2024-03-16T15:00:00Z,29,Luton Town FC,Nottingham Forest FC,1,1,FINISHED
2023,436228,2024-03-16T17:30:00Z,29,Fulham FC,Tottenham Hotspur FC,3,0,FINISHED
2023,436231,2024-03-17T14:00:00Z,29,West Ham United FC,Aston Villa FC,1,1,FINISHED
2023,436239,2024-03-30T12:30:00Z,30,Newcastle United FC,West Ham United FC,4,3,FINISHED
2023,436233,2024-03-30T15:00:00Z,30,AFC Bournemouth,Everton FC,2,1,FINISHED
2023,436236,2024-03-30T15:00:00Z,30,Chelsea FC,Burnley FC,2,2,FINISHED
2023,436240,2024-03-30T15:00:00Z,30,Nottingham Forest FC,Crystal Palace FC,1,1,FINISHED
2023,436241,2024-03-30T15:00:00Z,30,Sheffield United FC,Fulham FC,3,3,FINISHED
2023,436242,2024-03-30T15:00:00Z,30,Tottenham Hotspur FC,Luton Town FC,2,1,FINISHED
2023,436234,2024-03-30T17:30:00Z,30,Aston Villa FC,Wolverhampton Wanderers FC,2,0,FINISHED
2023,436235,2024-03-30T20:00:00Z,30,Brentford FC,Manchester United FC,1,1,FINISHED
2023,436237,2024-03-31T13:00:00Z,30,Liverpool FC,Brighton & Hove Albion FC,2,1,FINISHED
2023,436238,2024-03-31T15:30:00Z,30,Manchester City FC,Arsenal FC,0,0,FINISHED
2023,436247,2024-04-02T18:30:00Z,31,Nottingham Forest FC,Fulham FC,3,1,FINISHED
2023,436250,2024-04-02T18:30:00Z,31,Newcastle United FC,Everton FC,1,1,FINISHED
2023,436243,2024-04-02T18:45:00Z,31,AFC Bournemouth,Crystal Palace FC,1,0,FINISHED
2023,436246,2024-04-02T18:45:00Z,31,Burnley FC,Wolverhampton Wanderers FC,1,1,FINISHED
2023,436248,2024-04-02T19:15:00Z,31,West Ham United FC,Tottenham Hotspur FC,1,1,FINISHED
2023,436244,2024-04-03T18:30:00Z,31,Arsenal FC,Luton Town FC,2,0,FINISHED
2023,436245,2024-04-03T18:30:00Z,31,Brentford FC,Brighton & Hove Albion FC,0,0,FINISHED
2023,436252,2024-04-03T19:15:00Z,31,Manchester City FC,Aston Villa FC,4,1,FINISHED
2023,436251,2024-04-04T18:30:00Z,31,Liverpool FC,Sheffield United FC,3,1,FINISHED
2023,436249,2024-04-04T19:15:00Z,31,Chelsea FC,Manchester United FC,4,3,FINISHED
2023,436255,2024-04-06T11:30:00Z,32,Crystal Palace FC,Manchester City FC,2,4,FINISHED
2023,436253,2024-04-06T14:00:00Z,32,Aston Villa FC,Brentford FC,3,3,FINISHED
2023,436256,2024-04-06T14:00:00Z,32,Everton FC,Burnley FC,1,0,FINISHED
2023,436257,2024-04-06T14:00:00Z,32,Fulham FC,Newcastle United FC,0,1,FINISHED
2023,436258,2024-04-06T14:00:00Z,32,Luton Town FC,AFC Bournemouth,2,1,FINISHED
2023,436262,2024-04-06T14:00:00Z,32,Wolverhampton Wanderers FC,West Ham United FC,1,2,FINISHED
2023,436254,2024-04-06T16:30:00Z,32,Brighton & Hove Albion FC,Arsenal FC,0,3,FINISHED
2023,436259,2024-04-07T14:30:00Z,32,Manchester United FC,Liverpool FC,2,2,FINISHED
2023,436260,2024-04-07T16:30:00Z,32,Sheffield United FC,Chelsea FC,2,2,FINISHED
2023,436261,2024-04-07T17:00:00Z,32,Tottenham Hotspur FC,Nottingham Forest FC,3,1,FINISHED
2023,436270,2024-04-13T11:30:00Z,33,Newcastle United FC,Tottenham Hotspur FC,4,0,FINISHED
2023,436265,2024-04-13T14:00:00Z,33,Brentford FC,Sheffield United FC,2,0,FINISHED
2023,436266,2024-04-13T14:00:00Z,33,Burnley FC,Brighton & Hove Albion FC,1,1,FINISHED
2023,436269,2024-04-13T14:00:00Z,33,Manchester City FC,Luton Town FC,5,1,FINISHED
2023,436271,2024-04-13T14:00:00Z,33,Nottingham Forest FC,Wolverhampton Wanderers FC,2,2,FINISHED
2023,436263,2024-04-13T16:30:00Z,33,AFC Bournemouth,Manchester United FC,2,2,FINISHED
2023,436268,2024-04-14T13:00:00Z,33,Liverpool FC,Crystal Palace FC,0,1,FINISHED
2023,436272,2024-04-14T13:00:00Z,33,West Ham United FC,Fulham FC,0,2,FINISHED
2023,436264,2024-04-14T15:30:00Z,33,Arsenal FC,Aston Villa FC,0,2,FINISHED
2023,436267,2024-04-15T19:00:00Z,33,Chelsea FC,Everton FC,6,0,FINISHED
2023,436278,2024-04-20T14:00:00Z,34,Luton Town FC,Brentford FC,1,5,FINISHED
2023,436280,2024-04-20T14:00:00Z,34,Sheffield United FC,Burnley FC,1,4,FINISHED
2023,436282,2024-04-20T18:30:00Z,34,Wolverhampton Wanderers FC,Arsenal FC,0,2,FINISHED
2023,436276,2024-04-21T12:30:00Z,34,Everton FC,Nottingham Forest FC,2,0,FINISHED
2023,436273,2024-04-21T14:00:00Z,34,Aston Villa FC,AFC Bournemouth,3,1,FINISHED
2023,436275,2024-04-21T14:00:00Z,34,Crystal Palace FC,West Ham United FC,5,2,FINISHED
2023,436277,2024-04-21T15:30:00Z,34,Fulham FC,Liverpool FC,1,3,FINISHED
2023,436223,2024-04-23T19:00:00Z,29,Arsenal FC,Chelsea FC,5,0,FINISHED
2023,436232,2024-04-24T18:45:00Z,29,Wolverhampton Wanderers FC,AFC Bournemouth,0,1,FINISHED
2023,436226,2024-04-24T19:00:00Z,29,Crystal Palace FC,Newcastle United FC,2,0,FINISHED
2023,436227,2024-04-24T19:00:00Z,29,Everton FC,Liverpool FC,2,0,FINISHED
2023,436230,2024-04-24T19:00:00Z,29,Manchester United FC,Sheffield United FC,4,2,FINISHED
2023,436224,2024-04-25T19:00:00Z,29,Brighton & Hove Albion FC,Manchester City FC,0,4,FINISHED
2023,436291,2024-04-27T11:30:00Z,35,West Ham United FC,Liverpool FC,2,2,FINISHED
2023,436286,2024-04-27T14:00:00Z,35,Fulham FC,Crystal Palace FC,1,1,FINISHED
2023,436287,2024-04-27T14:00:00Z,35,Manchester United FC,Burnley FC,1,1,FINISHED
2023,436288,2024-04-27T14:00:00Z,35,Newcastle United FC,Sheffield United FC,5,1,FINISHED
2023,436292,2024-04-27T14:00:00Z,35,Wolverhampton Wanderers FC,Luton Town FC,2,1,FINISHED
2023,436285,2024-04-27T16:30:00Z,35,Everton FC,Brentford FC,1,0,FINISHED
2023,436284,2024-04-27T19:00:00Z,35,Aston Villa FC,Chelsea FC,2,2,FINISHED
2023,436283,2024-04-28T13:00:00Z,35,AFC Bournemouth,Brighton & Hove Albion FC,3,0,FINISHED
2023,436290,2024-04-28T13:00:00Z,35,Tottenham Hotspur FC,Arsenal FC,2,3,FINISHED
2023,436289,2024-04-28T15:30:00Z,35,Nottingham Forest FC,Manchester City FC,0,2,FINISHED
2023,436197,2024-05-02T18:30:00Z,26,Chelsea FC,Tottenham Hotspur FC,2,0,FINISHED
2023,436300,2024-05-03T19:00:00Z,36,Luton Town FC,Everton FC,1,1,FINISHED
2023,436293,2024-05-04T11:30:00Z,36,Arsenal FC,AFC Bournemouth,3,0,FINISHED
2023,436294,2024-05-04T14:00:00Z,36,Brentford FC,Fulham FC,0,0,FINISHED
2023,436296,2024-05-04T14:00:00Z,36,Burnley FC,Newcastle United FC,1,4,FINISHED
2023,436302,2024-05-04T14:00:00Z,36,Sheffield United FC,Nottingham Forest FC,1,3,FINISHED
2023,436301,2024-05-04T16:30:00Z,36,Manchester City FC,Wolverhampton Wanderers FC,5,1,FINISHED
2023,436295,2024-05-05T13:00:00Z,36,Brighton & Hove Albion FC,Aston Villa FC,1,0,FINISHED
2023,436297,2024-05-05T13:00:00Z,36,Chelsea FC,West Ham United FC,5,0,FINISHED
2023,436299,2024-05-05T15:30:00Z,36,Liverpool FC,Tottenham Hotspur FC,4,2,FINISHED
2023,436298,2024-05-06T19:00:00Z,36,Crystal Palace FC,Manchester United FC,4,0,FINISHED
2023,436306,2024-05-11T11:30:00Z,37,Fulham FC,Manchester City FC,0,4,FINISHED
2023,436303,2024-05-11T14:00:00Z,37,AFC Bournemouth,Brentford FC,1,2,FINISHED
2023,436305,2024-05-11T14:00:00Z,37,Everton FC,Sheffield United FC,1,0,FINISHED
2023,436308,2024-05-11T14:00:00Z,37,Newcastle United FC,Brighton & Hove Albion FC,1,1,FINISHED
2023,436310,2024-05-11T14:00:00Z,37,Tottenham Hotspur FC,Burnley FC,2,1,FINISHED
2023,436311,2024-05-11T14:00:00Z,37,West Ham United FC,Luton Town FC,3,1,FINISHED
2023,436312,2024-05-11T14:00:00Z,37,Wolverhampton Wanderers FC,Crystal Palace FC,1,3,FINISHED
2023,436309,2024-05-11T16:30:00Z,37,Nottingham Forest FC,Chelsea FC,2,3,FINISHED
2023,436307,2024-05-12T15:30:00Z,37,Manchester United FC,Arsenal FC,0,1,FINISHED
2023,436304,2024-05-13T19:00:00Z,37,Aston Villa FC,Liverpool FC,3,3,FINISHED
2023,436281,2024-05-14T19:00:00Z,34,Tottenham Hotspur FC,Manchester City FC,0,2,FINISHED
2023,436274,2024-05-15T18:45:00Z,34,Brighton & Hove Albion FC,Chelsea FC,1,2,FINISHED
2023,436279,2024-05-15T19:00:00Z,34,Manchester United FC,Newcastle United FC,3,2,FINISHED
2023,436313,2024-05-19T15:00:00Z,38,Arsenal FC,Everton FC,2,1,FINISHED
2023,436314,2024-05-19T15:00:00Z,38,Brentford FC,Newcastle United FC,2,4,FINISHED
2023,436315,2024-05-19T15:00:00Z,38,Brighton & Hove Albion FC,Manchester United FC,0,2,FINISHED
2023,436316,2024-05-19T15:00:00Z,38,Burnley FC,Nottingham Forest FC,1,2,FINISHED
2023,436317,2024-05-19T15:00:00Z,38,Chelsea FC,AFC Bournemouth,2,1,FINISHED
2023,436318,2024-05-19T15:00:00Z,38,Crystal Palace FC,Aston Villa FC,5,0,FINISHED
2023,436319,2024-05-19T15:00:00Z,38,Liverpool FC,Wolverhampton Wanderers FC,2,0,FINISHED
2023,436320,2024-05-19T15:00:00Z,38,Luton Town FC,Fulham FC,2,4,FINISHED
2023,436321,2024-05-19T15:00:00Z,38,Manchester City FC,West Ham United FC,3,1,FINISHED
2023,436322,2024-05-19T15:00:00Z,38,Sheffield United FC,Tottenham Hotspur FC,0,3,FINISHED
2022,202200001,2022-08-01T00:00:00+00:00,1,Nottingham Forest FC,Leeds United FC,1,1,FINISHED
2022,202200002,2022-08-04T00:00:00+00:00,1,Aston Villa FC,Crystal Palace FC,0,2,FINISHED
2022,202200003,2022-08-06T00:00:00+00:00,1,Tottenham Hotspur FC,Fulham FC,0,0,FINISHED
2022,202200004,2022-08-01T00:00:00+00:00,1,Southampton FC,AFC Bournemouth,0,1,FINISHED
2022,202200005,2022-08-04T00:00:00+00:00,1,Leicester City FC,Manchester United FC,4,0,FINISHED
2022,202200006,2022-08-06T00:00:00+00:00,1,Everton FC,Wolverhampton Wanderers FC,1,4,FINISHED
2022,202200007,2022-08-04T00:00:00+00:00,1,Newcastle United FC,Liverpool FC,2,1,FINISHED
2022,202200008,2022-08-07T00:00:00+00:00,1,Arsenal FC,West Ham United FC,2,2,FINISHED
2022,202200009,2022-08-07T00:00:00+00:00,1,Chelsea FC,Brighton & Hove Albion FC,2,0,FINISHED
2022,202200010,2022-08-03T00:00:00+00:00,1,Manchester City FC,Burnley FC,4,0,FINISHED
2022,202200011,2022-08-09T00:00:00+00:00,2,Leicester City FC,Wolverhampton Wanderers FC,2,0,FINISHED
2022,202200012,2022-08-12T00:00:00+00:00,2,Everton FC,Aston Villa FC,2,0,FINISHED
2022,202200013,2022-08-08T00:00:00+00:00,2,Burnley FC,Fulham FC,0,0,FINISHED
2022,202200014,2022-08-10T00:00:00+00:00,2,Manchester United FC,Liverpool FC,4,1,FINISHED
2022,202200015,2022-08-08T00:00:00+00:00,2,Crystal Palace FC,Chelsea FC,1,1,FINISHED
2022,202200016,2022-08-10T00:00:00+00:00,2,Southampton FC,Nottingham Forest FC,1,0,FINISHED
2022,202200017,2022-08-14T00:00:00+00:00,2,Brighton & Hove Albion FC,West Ham United FC,4,0,FINISHED
2022,202200018,2022-08-12T00:00:00+00:00,2,Manchester City FC,Tottenham Hotspur FC,0,2,FINISHED
2022,202200019,2022-08-11T00:00:00+00:00,2,West Ham United FC,Newcastle United FC,4,1,FINISHED
2022,202200020,2022-08-08T00:00:00+00:00,2,Arsenal FC,Leeds United FC,1,2,FINISHED
2022,202200021,2022-08-19T00:00:00+00:00,3,Everton FC,Fulham FC,2,1,FINISHED
2022,202200022,2022-08-18T00:00:00+00:00,3,Crystal Palace FC,Chelsea FC,0,1,FINISHED
2022,202200023,2022-08-15T00:00:00+00:00,3,Wolverhampton Wanderers FC,Liverpool FC,4,0,FINISHED
2022,202200024,2022-08-15T00:00:00+00:00,3,AFC Bournemouth,Leicester City FC,1,0,FINISHED
2022,202200025,2022-08-15T00:00:00+00:00,3,Aston Villa FC,Southampton FC,0,0,FINISHED
2022,202200026,2022-08-18T00:00:00+00:00,3,West Ham United FC,Tottenham Hotspur FC,2,1,FINISHED
2022,202200027,2022-08-18T00:00:00+00:00,3,Brighton & Hove Albion FC,Newcastle United FC,3,0,FINISHED
2022,202200028,2022-08-21T00:00:00+00:00,3,Arsenal FC,Manchester City FC,1,0,FINISHED
2022,202200029,2022-08-19T00:00:00+00:00,3,Manchester United FC,West Ham United FC,3,1,FINISHED
2022,202200030,2022-08-18T00:00:00+00:00,3,Nottingham Forest FC,Leeds United FC,1,2,FINISHED
2022,202200031,2022-08-28T00:00:00+00:00,4,Manchester City FC,Nottingham Forest FC,4,1,FINISHED
2022,202200032,2022-08-23T00:00:00+00:00,4,Crystal Palace FC,Southampton FC,2,0,FINISHED
2022,202200033,2022-08-23T00:00:00+00:00,4,Liverpool FC,Wolverhampton Wanderers FC,2,1,FINISHED
2022,202200034,2022-08-28T00:00:00+00:00,4,Everton FC,Chelsea FC,3,1,FINISHED
2022,202200035,2022-08-26T00:00:00+00:00,4,Burnley FC,Tottenham Hotspur FC,1,2,FINISHED
2022,202200036,2022-08-24T00:00:00+00:00,4,Fulham FC,Leicester City FC,2,0,FINISHED
2022,202200037,2022-08-25T00:00:00+00:00,4,Leeds United FC,Newcastle United FC,2,0,FINISHED
2022,202200038,2022-08-23T00:00:00+00:00,4,West Ham United FC,Brighton & Hove Albion FC,1,2,FINISHED
2022,202200039,2022-08-24T00:00:00+00:00,4,Arsenal FC,Aston Villa FC,0,2,FINISHED
2022,202200040,2022-08-22T00:00:00+00:00,4,AFC Bournemouth,West Ham United FC,0,0,FINISHED
2022,202200041,2022-09-03T00:00:00+00:00,5,Burnley FC,Nottingham Forest FC,4,0,FINISHED
2022,202200042,2022-09-02T00:00:00+00:00,5,Fulham FC,Crystal Palace FC,2,1,FINISHED
2022,202200043,2022-09-02T00:00:00+00:00,5,Liverpool FC,West Ham United FC,2,0,FINISHED
2022,202200044,2022-09-02T00:00:00+00:00,5,Brighton & Hove Albion FC,West Ham United FC,0,3,FINISHED
2022,202200045,2022-08-29T00:00:00+00:00,5,Southampton FC,Wolverhampton Wanderers FC,0,4,FINISHED
2022,202200046,2022-09-02T00:00:00+00:00,5,Manchester United FC,Everton FC,0,3,FINISHED
2022,202200047,2022-08-31T00:00:00+00:00,5,Aston Villa FC,Arsenal FC,1,0,FINISHED
2022,202200048,2022-09-01T00:00:00+00:00,5,Manchester City FC,Newcastle United FC,1,0,FINISHED
2022,202200049,2022-09-02T00:00:00+00:00,5,Leeds United FC,Chelsea FC,4,1,FINISHED
2022,202200050,2022-09-01T00:00:00+00:00,5,AFC Bournemouth,Tottenham Hotspur FC,2,1,FINISHED
2022,202200051,2022-09-06T00:00:00+00:00,6,Wolverhampton Wanderers FC,Liverpool FC,0,0,FINISHED
2022,202200052,2022-09-05T00:00:00+00:00,6,Manchester United FC,Burnley FC,2,0,FINISHED
2022,202200053,2022-09-08T00:00:00+00:00,6,Tottenham Hotspur FC,Manchester City FC,3,0,FINISHED
2022,202200054,2022-09-07T00:00:00+00:00,6,Fulham FC,Aston Villa FC,3,1,FINISHED
2022,202200055,2022-09-09T00:00:00+00:00,6,West Ham United FC,Everton FC,1,1,FINISHED
2022,202200056,2022-09-11T00:00:00+00:00,6,Crystal Palace FC,Brighton & Hove Albion FC,3,1,FINISHED
2022,202200057,2022-09-08T00:00:00+00:00,6,Arsenal FC,AFC Bournemouth,1,4,FINISHED
2022,202200058,2022-09-08T00:00:00+00:00,6,West Ham United FC,Southampton FC,2,2,FINISHED
2022,202200059,2022-09-06T00:00:00+00:00,6,Chelsea FC,Newcastle United FC,3,1,FINISHED
2022,202200060,2022-09-10T00:00:00+00:00,6,Leeds United FC,Nottingham Forest FC,1,1,FINISHED
2022,202200061,2022-09-13T00:00:00+00:00,7,Nottingham Forest FC,Chelsea FC,2,0,FINISHED
2022,202200062,2022-09-16T00:00:00+00:00,7,Leicester City FC,Southampton FC,1,0,FINISHED
2022,202200063,2022-09-15T00:00:00+00:00,7,Newcastle United FC,West Ham United FC,2,1,FINISHED
2022,202200064,2022-09-14T00:00:00+00:00,7,Tottenham Hotspur FC,Brighton & Hove Albion FC,0,0,FINISHED
2022,202200065,2022-09-14T00:00:00+00:00,7,Manchester City FC,Liverpool FC,1,1,FINISHED
2022,202200066,2022-09-18T00:00:00+00:00,7,West Ham United FC,Fulham FC,2,0,FINISHED
2022,202200067,2022-09-15T00:00:00+00:00,7,Crystal Palace FC,Manchester United FC,0,0,FINISHED
2022,202200068,2022-09-13T00:00:00+00:00,7,Wolverhampton Wanderers FC,Everton FC,2,1,FINISHED
2022,202200069,2022-09-15T00:00:00+00:00,7,Burnley FC,AFC Bournemouth,0,2,FINISHED
2022,202200070,2022-09-13T00:00:00+00:00,7,Aston Villa FC,Arsenal FC,2,1,FINISHED
2022,202200071,2022-09-19T00:00:00+00:00,8,Chelsea FC,Wolverhampton Wanderers FC,2,0,FINISHED
2022,202200072,2022-09-24T00:00:00+00:00,8,Fulham FC,Everton FC,1,0,FINISHED
2022,202200073,2022-09-22T00:00:00+00:00,8,Liverpool FC,AFC Bournemouth,1,2,FINISHED
2022,202200074,2022-09-24T00:00:00+00:00,8,Nottingham Forest FC,West Ham United FC,0,2,FINISHED
2022,202200075,2022-09-24T00:00:00+00:00,8,West Ham United FC,Burnley FC,3,0,FINISHED
2022,202200076,2022-09-25T00:00:00+00:00,8,Arsenal FC,Brighton & Hove Albion FC,1,1,FINISHED
2022,202200077,2022-09-19T00:00:00+00:00,8,Tottenham Hotspur FC,Newcastle United FC,0,2,FINISHED
2022,202200078,2022-09-25T00:00:00+00:00,8,Southampton FC,Leeds United FC,2,1,FINISHED
2022,202200079,2022-09-23T00:00:00+00:00,8,Leicester City FC,Manchester City FC,2,0,FINISHED
2022,202200080,2022-09-22T00:00:00+00:00,8,Manchester United FC,Crystal Palace FC,3,0,FINISHED
2022,202200081,2022-10-02T00:00:00+00:00,9,Southampton FC,AFC Bournemouth,0,0,FINISHED
2022,202200082,2022-09-29T00:00:00+00:00,9,Leicester City FC,Wolverhampton Wanderers FC,1,2,FINISHED
2022,202200083,2022-10-02T00:00:00+00:00,9,Brighton & Hove Albion FC,Liverpool FC,4,1,FINISHED
2022,202200084,2022-09-30T00:00:00+00:00,9,Tottenham Hotspur FC,Manchester City FC,3,1,FINISHED
2022,202200085,2022-09-28T00:00:00+00:00,9,Chelsea FC,Everton FC,3,0,FINISHED
2022,202200086,2022-10-01T00:00:00+00:00,9,Nottingham Forest FC,Manchester United FC,2,1,FINISHED
2022,202200087,2022-09-27T00:00:00+00:00,9,Aston Villa FC,Arsenal FC,3,1,FINISHED
2022,202200088,2022-09-26T00:00:00+00:00,9,West Ham United FC,West Ham United FC,0,1,FINISHED
2022,202200089,2022-10-02T00:00:00+00:00,9,Newcastle United FC,Fulham FC,0,0,FINISHED
2022,202200090,2022-09-30T00:00:00+00:00,9,Crystal Palace FC,Leeds United FC,1,3,FINISHED
2022,202200091,2022-10-09T00:00:00+00:00,10,Burnley FC,Tottenham Hotspur FC,2,1,FINISHED
2022,202200092,2022-10-04T00:00:00+00:00,10,Southampton FC,Wolverhampton Wanderers FC,3,0,FINISHED
2022,202200093,2022-10-07T00:00:00+00:00,10,Brighton & Hove Albion FC,West Ham United FC,4,1,FINISHED
2022,202200094,2022-10-07T00:00:00+00:00,10,Manchester United FC,Aston Villa FC,2,0,FINISHED
2022,202200095,2022-10-04T00:00:00+00:00,10,West Ham United FC,Nottingham Forest FC,0,2,FINISHED
2022,202200096,2022-10-09T00:00:00+00:00,10,Crystal Palace FC,Chelsea FC,4,0,FINISHED
2022,202200097,2022-10-05T00:00:00+00:00,10,Newcastle United FC,Liverpool FC,2,0,FINISHED
2022,202200098,2022-10-03T00:00:00+00:00,10,Arsenal FC,Leicester City FC,2,0,FINISHED
2022,202200099,2022-10-07T00:00:00+00:00,10,Manchester City FC,Everton FC,3,0,FINISHED
2022,202200100,2022-10-07T00:00:00+00:00,10,AFC Bournemouth,Fulham FC,3,0,FINISHED
2022,202200101,2022-10-11T00:00:00+00:00,11,Chelsea FC,Nottingham Forest FC,3,0,FINISHED
2022,202200102,2022-10-16T00:00:00+00:00,11,AFC Bournemouth,Liverpool FC,1,2,FINISHED
2022,202200103,2022-10-16T00:00:00+00:00,11,West Ham United FC,Manchester City FC,3,0,FINISHED
2022,202200104,2022-10-10T00:00:00+00:00,11,West Ham United FC,Aston Villa FC,3,1,FINISHED
2022,202200105,2022-10-11T00:00:00+00:00,11,Southampton FC,Everton FC,1,3,FINISHED
2022,202200106,2022-10-12T00:00:00+00:00,11,Newcastle United FC,Leicester City FC,0,0,FINISHED
2022,202200107,2022-10-10T00:00:00+00:00,11,Brighton & Hove Albion FC,Crystal Palace FC,3,0,FINISHED
2022,202200108,2022-10-15T00:00:00+00:00,11,Leeds United FC,Wolverhampton Wanderers FC,2,1,FINISHED
2022,202200109,2022-10-14T00:00:00+00:00,11,Tottenham Hotspur FC,Fulham FC,2,0,FINISHED
2022,202200110,2022-10-12T00:00:00+00:00,11,Arsenal FC,Manchester United FC,1,4,FINISHED
2022,202200111,2022-10-22T00:00:00+00:00,12,West Ham United FC,Manchester United FC,4,1,FINISHED
2022,202200112,2022-10-18T00:00:00+00:00,12,Newcastle United FC,Tottenham Hotspur FC,3,1,FINISHED
2022,202200113,2022-10-22T00:00:00+00:00,12,Wolverhampton Wanderers FC,Brighton & Hove Albion FC,1,0,FINISHED
2022,202200114,2022-10-17T00:00:00+00:00,12,Manchester City FC,Arsenal FC,2,1,FINISHED
2022,202200115,2022-10-23T00:00:00+00:00,12,Burnley FC,Chelsea FC,4,0,FINISHED
2022,202200116,2022-10-19T00:00:00+00:00,12,Leicester City FC,Southampton FC,0,0,FINISHED
2022,202200117,2022-10-23T00:00:00+00:00,12,AFC Bournemouth,Leeds United FC,3,1,FINISHED
2022,202200118,2022-10-20T00:00:00+00:00,12,West Ham United FC,Fulham FC,2,1,FINISHED
2022,202200119,2022-10-23T00:00:00+00:00,12,Everton FC,Liverpool FC,1,2,FINISHED
2022,202200120,2022-10-20T00:00:00+00:00,12,Crystal Palace FC,Aston Villa FC,3,0,FINISHED
2022,202200121,2022-10-24T00:00:00+00:00,13,Manchester United FC,Aston Villa FC,1,1,FINISHED
2022,202200122,2022-10-30T00:00:00+00:00,13,Tottenham Hotspur FC,AFC Bournemouth,3,0,FINISHED
2022,202200123,2022-10-30T00:00:00+00:00,13,Crystal Palace FC,Leicester City FC,1,0,FINISHED
2022,202200124,2022-10-28T00:00:00+00:00,13,Leeds United FC,Everton FC,0,3,FINISHED
2022,202200125,2022-10-30T00:00:00+00:00,13,Fulham FC,Nottingham Forest FC,2,1,FINISHED
2022,202200126,2022-10-24T00:00:00+00:00,13,Newcastle United FC,Brighton & Hove Albion FC,2,0,FINISHED
2022,202200127,2022-10-27T00:00:00+00:00,13,Burnley FC,West Ham United FC,1,1,FINISHED
2022,202200128,2022-10-26T00:00:00+00:00,13,Southampton FC,Wolverhampton Wanderers FC,4,0,FINISHED
2022,202200129,2022-10-29T00:00:00+00:00,13,Arsenal FC,Chelsea FC,1,2,FINISHED
2022,202200130,2022-10-24T00:00:00+00:00,13,Manchester City FC,West Ham United FC,2,0,FINISHED
2022,202200131,2022-11-01T00:00:00+00:00,14,Liverpool FC,Arsenal FC,1,1,FINISHED
2022,202200132,2022-11-01T00:00:00+00:00,14,Aston Villa FC,Southampton FC,2,0,FINISHED
2022,202200133,2022-11-02T00:00:00+00:00,14,Everton FC,Leicester City FC,2,1,FINISHED
2022,202200134,2022-11-03T00:00:00+00:00,14,Manchester United FC,Burnley FC,4,1,FINISHED
2022,202200135,2022-11-02T00:00:00+00:00,14,Chelsea FC,Newcastle United FC,3,0,FINISHED
2022,202200136,2022-11-05T00:00:00+00:00,14,Leeds United FC,Wolverhampton Wanderers FC,0,2,FINISHED
2022,202200137,2022-10-31T00:00:00+00:00,14,Tottenham Hotspur FC,Manchester City FC,1,0,FINISHED
2022,202200138,2022-11-01T00:00:00+00:00,14,Fulham FC,West Ham United FC,0,1,FINISHED
2022,202200139,2022-11-02T00:00:00+00:00,14,Brighton & Hove Albion FC,AFC Bournemouth,2,0,FINISHED
2022,202200140,2022-11-06T00:00:00+00:00,14,Crystal Palace FC,West Ham United FC,0,3,FINISHED
2022,202200141,2022-11-09T00:00:00+00:00,15,Liverpool FC,Arsenal FC,1,3,FINISHED
2022,202200142,2022-11-13T00:00:00+00:00,15,Brighton & Hove Albion FC,West Ham United FC,3,1,FINISHED
2022,202200143,2022-11-09T00:00:00+00:00,15,Leeds United FC,West Ham United FC,2,0,FINISHED
2022,202200144,2022-11-13T00:00:00+00:00,15,AFC Bournemouth,Wolverhampton Wanderers FC,0,0,FINISHED
2022,202200145,2022-11-10T00:00:00+00:00,15,Crystal Palace FC,Manchester United FC,4,1,FINISHED
2022,202200146,2022-11-10T00:00:00+00:00,15,Newcastle United FC,Chelsea FC,2,2,FINISHED
2022,202200147,2022-11-10T00:00:00+00:00,15,Manchester City FC,Everton FC,1,3,FINISHED
2022,202200148,2022-11-08T00:00:00+00:00,15,Tottenham Hotspur FC,Aston Villa FC,2,1,FINISHED
2022,202200149,2022-11-09T00:00:00+00:00,15,Burnley FC,Leicester City FC,3,0,FINISHED
2022,202200150,2022-11-10T00:00:00+00:00,15,Southampton FC,Fulham FC,2,1,FINISHED
2022,202200151,2022-11-17T00:00:00+00:00,16,Tottenham Hotspur FC,Manchester United FC,0,0,FINISHED
2022,202200152,2022-11-20T00:00:00+00:00,16,Leicester City FC,Chelsea FC,2,0,FINISHED
2022,202200153,2022-11-14T00:00:00+00:00,16,Newcastle United FC,Aston Villa FC,1,0,FINISHED
2022,202200154,2022-11-14T00:00:00+00:00,16,Crystal Palace FC,Everton FC,2,1,FINISHED
2022,202200155,2022-11-20T00:00:00+00:00,16,Leeds United FC,Southampton FC,2,0,FINISHED
2022,202200156,2022-11-19T00:00:00+00:00,16,Liverpool FC,Brighton & Hove Albion FC,2,1,FINISHED
2022,202200157,2022-11-18T00:00:00+00:00,16,West Ham United FC,Manchester City FC,0,1,FINISHED
2022,202200158,2022-11-17T00:00:00+00:00,16,AFC Bournemouth,Wolverhampton Wanderers FC,2,1,FINISHED
2022,202200159,2022-11-18T00:00:00+00:00,16,Nottingham Forest FC,Arsenal FC,1,1,FINISHED
2022,202200160,2022-11-14T00:00:00+00:00,16,Fulham FC,Burnley FC,1,0,FINISHED
2022,202200161,2022-11-22T00:00:00+00:00,17,Southampton FC,Chelsea FC,4,0,FINISHED
2022,202200162,2022-11-21T00:00:00+00:00,17,AFC Bournemouth,Brighton & Hove Albion FC,2,1,FINISHED
2022,202200163,2022-11-22T00:00:00+00:00,17,Manchester City FC,Aston Villa FC,2,0,FINISHED
2022,202200164,2022-11-25T00:00:00+00:00,17,Wolverhampton Wanderers FC,Nottingham Forest FC,2,1,FINISHED
2022,202200165,2022-11-24T00:00:00+00:00,17,Leeds United FC,Everton FC,2,0,FINISHED
2022,202200166,2022-11-25T00:00:00+00:00,17,Tottenham Hotspur FC,Crystal Palace FC,2,2,FINISHED
2022,202200167,2022-11-21T00:00:00+00:00,17,Arsenal FC,Newcastle United FC,2,1,FINISHED
2022,202200168,2022-11-24T00:00:00+00:00,17,West Ham United FC,West Ham United FC,1,1,FINISHED
2022,202200169,2022-11-23T00:00:00+00:00,17,Liverpool FC,Leicester City FC,3,0,FINISHED
2022,202200170,2022-11-22T00:00:00+00:00,17,Burnley FC,Fulham FC,0,0,FINISHED
2022,202200171,2022-12-01T00:00:00+00:00,18,AFC Bournemouth,Fulham FC,3,0,FINISHED
2022,202200172,2022-11-28T00:00:00+00:00,18,Brighton & Hove Albion FC,Crystal Palace FC,2,0,FINISHED
2022,202200173,2022-11-30T00:00:00+00:00,18,Arsenal FC,Wolverhampton Wanderers FC,2,2,FINISHED
2022,202200174,2022-11-29T00:00:00+00:00,18,Aston Villa FC,Manchester City FC,2,2,FINISHED
2022,202200175,2022-12-02T00:00:00+00:00,18,Tottenham Hotspur FC,Liverpool FC,2,1,FINISHED
2022,202200176,2022-12-01T00:00:00+00:00,18,Burnley FC,Manchester United FC,2,0,FINISHED
2022,202200177,2022-11-30T00:00:00+00:00,18,West Ham United FC,Everton FC,2,2,FINISHED
2022,202200178,2022-12-02T00:00:00+00:00,18,Leeds United FC,Nottingham Forest FC,2,1,FINISHED
2022,202200179,2022-11-28T00:00:00+00:00,18,Leicester City FC,West Ham United FC,0,2,FINISHED
2022,202200180,2022-12-02T00:00:00+00:00,18,Chelsea FC,Newcastle United FC,3,1,FINISHED
2022,202200181,2022-12-09T00:00:00+00:00,19,AFC Bournemouth,Manchester City FC,1,2,FINISHED
2022,202200182,2022-12-09T00:00:00+00:00,19,Leicester City FC,Crystal Palace FC,0,3,FINISHED
2022,202200183,2022-12-06T00:00:00+00:00,19,Everton FC,Aston Villa FC,0,1,FINISHED
2022,202200184,2022-12-09T00:00:00+00:00,19,Fulham FC,Southampton FC,0,2,FINISHED
2022,202200185,2022-12-11T00:00:00+00:00,19,Newcastle United FC,Burnley FC,2,1,FINISHED
2022,202200186,2022-12-07T00:00:00+00:00,19,Manchester United FC,Tottenham Hotspur FC,3,1,FINISHED
2022,202200187,2022-12-10T00:00:00+00:00,19,Leeds United FC,West Ham United FC,0,0,FINISHED
2022,202200188,2022-12-09T00:00:00+00:00,19,West Ham United FC,Wolverhampton Wanderers FC,4,0,FINISHED
2022,202200189,2022-12-09T00:00:00+00:00,19,Liverpool FC,Chelsea FC,3,0,FINISHED
2022,202200190,2022-12-05T00:00:00+00:00,19,Arsenal FC,Nottingham Forest FC,4,0,FINISHED
2022,202200191,2022-12-16T00:00:00+00:00,20,Crystal Palace FC,AFC Bournemouth,0,2,FINISHED
2022,202200192,2022-12-13T00:00:00+00:00,20,Southampton FC,West Ham United FC,3,1,FINISHED
2022,202200193,2022-12-15T00:00:00+00:00,20,Everton FC,Newcastle United FC,0,0,FINISHED
2022,202200194,2022-12-16T00:00:00+00:00,20,Chelsea FC,Wolverhampton Wanderers FC,2,1,FINISHED
2022,202200195,2022-12-18T00:00:00+00:00,20,Burnley FC,Brighton & Hove Albion FC,3,0,FINISHED
2022,202200196,2022-12-15T00:00:00+00:00,20,Fulham FC,Arsenal FC,2,0,FINISHED
2022,202200197,2022-12-18T00:00:00+00:00,20,Leeds United FC,West Ham United FC,0,1,FINISHED
2022,202200198,2022-12-13T00:00:00+00:00,20,Aston Villa FC,Manchester City FC,4,0,FINISHED
2022,202200199,2022-12-14T00:00:00+00:00,20,Liverpool FC,Manchester United FC,1,1,FINISHED
2022,202200200,2022-12-15T00:00:00+00:00,20,Leicester City FC,Nottingham Forest FC,1,2,FINISHED
2022,202200201,2022-12-22T00:00:00+00:00,21,Fulham FC,Aston Villa FC,4,0,FINISHED
2022,202200202,2022-12-19T00:00:00+00:00,21,Burnley FC,Manchester City FC,2,2,FINISHED
2022,202200203,2022-12-20T00:00:00+00:00,21,Chelsea FC,Manchester United FC,2,2,FINISHED
2022,202200204,2022-12-25T00:00:00+00:00,21,West Ham United FC,West Ham United FC,2,0,FINISHED
2022,202200205,2022-12-21T00:00:00+00:00,21,Brighton & Hove Albion FC,AFC Bournemouth,3,1,FINISHED
2022,202200206,2022-12-24T00:00:00+00:00,21,Tottenham Hotspur FC,Newcastle United FC,3,1,FINISHED
2022,202200207,2022-12-20T00:00:00+00:00,21,Everton FC,Crystal Palace FC,4,0,FINISHED
2022,202200208,2022-12-21T00:00:00+00:00,21,Leeds United FC,Nottingham Forest FC,0,2,FINISHED
2022,202200209,2022-12-21T00:00:00+00:00,21,Arsenal FC,Liverpool FC,0,1,FINISHED
2022,202200210,2022-12-25T00:00:00+00:00,21,Southampton FC,Leicester City FC,3,0,FINISHED
2022,202200211,2022-12-27T00:00:00+00:00,22,Fulham FC,Wolverhampton Wanderers FC,0,2,FINISHED
2022,202200212,2022-12-28T00:00:00+00:00,22,Everton FC,Liverpool FC,3,1,FINISHED
2022,202200213,2022-12-27T00:00:00+00:00,22,Aston Villa FC,Brighton & Hove Albion FC,3,1,FINISHED
2022,202200214,2022-12-28T00:00:00+00:00,22,Manchester United FC,Tottenham Hotspur FC,1,2,FINISHED
2022,202200215,2022-12-31T00:00:00+00:00,22,AFC Bournemouth,Nottingham Forest FC,4,0,FINISHED
2022,202200216,2022-12-30T00:00:00+00:00,22,Southampton FC,Burnley FC,2,1,FINISHED
2022,202200217,2022-12-27T00:00:00+00:00,22,Manchester City FC,Chelsea FC,0,0,FINISHED
2022,202200218,2022-12-30T00:00:00+00:00,22,Arsenal FC,Leicester City FC,4,1,FINISHED
2022,202200219,2023-01-01T00:00:00+00:00,22,Leeds United FC,West Ham United FC,4,0,FINISHED
2022,202200220,2022-12-29T00:00:00+00:00,22,West Ham United FC,Crystal Palace FC,0,2,FINISHED
2022,202200221,2023-01-05T00:00:00+00:00,23,Liverpool FC,Crystal Palace FC,0,4,FINISHED
2022,202200222,2023-01-08T00:00:00+00:00,23,West Ham United FC,West Ham United FC,1,2,FINISHED
2022,202200223,2023-01-05T00:00:00+00:00,23,Aston Villa FC,Manchester United FC,0,2,FINISHED
2022,202200224,2023-01-04T00:00:00+00:00,23,Brighton & Hove Albion FC,Leeds United FC,1,0,FINISHED
2022,202200225,2023-01-03T00:00:00+00:00,23,Fulham FC,Arsenal FC,1,2,FINISHED
2022,202200226,2023-01-08T00:00:00+00:00,23,Tottenham Hotspur FC,Southampton FC,4,0,FINISHED
2022,202200227,2023-01-02T00:00:00+00:00,23,Burnley FC,Everton FC,4,0,FINISHED
2022,202200228,2023-01-06T00:00:00+00:00,23,Manchester City FC,Nottingham Forest FC,4,0,FINISHED
2022,202200229,2023-01-03T00:00:00+00:00,23,AFC Bournemouth,Wolverhampton Wanderers FC,2,0,FINISHED
2022,202200230,2023-01-02T00:00:00+00:00,23,Leicester City FC,Chelsea FC,2,0,FINISHED
2022,202200231,2023-01-09T00:00:00+00:00,24,Brighton & Hove Albion FC,Newcastle United FC,4,1,FINISHED
2022,202200232,2023-01-12T00:00:00+00:00,24,Wolverhampton Wanderers FC,Tottenham Hotspur FC,1,4,FINISHED
2022,202200233,2023-01-14T00:00:00+00:00,24,Southampton FC,Fulham FC,2,0,FINISHED
2022,202200234,2023-01-09T00:00:00+00:00,24,West Ham United FC,AFC Bournemouth,2,0,FINISHED
2022,202200235,2023-01-14T00:00:00+00:00,24,Nottingham Forest FC,Manchester City FC,1,2,FINISHED
2022,202200236,2023-01-14T00:00:00+00:00,24,Chelsea FC,Leicester City FC,3,1,FINISHED
2022,202200237,2023-01-10T00:00:00+00:00,24,Leeds United FC,Liverpool FC,0,3,FINISHED
2022,202200238,2023-01-14T00:00:00+00:00,24,Everton FC,Aston Villa FC,2,0,FINISHED
2022,202200239,2023-01-14T00:00:00+00:00,24,West Ham United FC,Burnley FC,1,4,FINISHED
2022,202200240,2023-01-10T00:00:00+00:00,24,Manchester United FC,Crystal Palace FC,2,2,FINISHED
2022,202200241,2023-01-22T00:00:00+00:00,25,Arsenal FC,Leeds United FC,2,0,FINISHED
2022,202200242,2023-01-22T00:00:00+00:00,25,West Ham United FC,Wolverhampton Wanderers FC,2,0,FINISHED
2022,202200243,2023-01-19T00:00:00+00:00,25,Nottingham Forest FC,Everton FC,4,0,FINISHED
2022,202200244,2023-01-16T00:00:00+00:00,25,Newcastle United FC,AFC Bournemouth,2,1,FINISHED
2022,202200245,2023-01-20T00:00:00+00:00,25,Crystal Palace FC,Fulham FC,0,1,FINISHED
2022,202200246,2023-01-19T00:00:00+00:00,25,Liverpool FC,Aston Villa FC,2,2,FINISHED
2022,202200247,2023-01-16T00:00:00+00:00,25,Chelsea FC,Manchester City FC,4,0,FINISHED
2022,202200248,2023-01-17T00:00:00+00:00,25,Leicester City FC,Southampton FC,0,2,FINISHED
2022,202200249,2023-01-16T00:00:00+00:00,25,Burnley FC,Brighton & Hove Albion FC,4,1,FINISHED
2022,202200250,2023-01-17T00:00:00+00:00,25,Manchester United FC,West Ham United FC,0,1,FINISHED
2022,202200251,2023-01-25T00:00:00+00:00,26,Leicester City FC,Arsenal FC,2,0,FINISHED
2022,202200252,2023-01-23T00:00:00+00:00,26,Leeds United FC,Newcastle United FC,2,1,FINISHED
2022,202200253,2023-01-23T00:00:00+00:00,26,West Ham United FC,Wolverhampton Wanderers FC,0,2,FINISHED
2022,202200254,2023-01-29T00:00:00+00:00,26,Nottingham Forest FC,Liverpool FC,2,2,FINISHED
2022,202200255,2023-01-29T00:00:00+00:00,26,Southampton FC,Fulham FC,1,0,FINISHED
2022,202200256,2023-01-28T00:00:00+00:00,26,Chelsea FC,Aston Villa FC,3,1,FINISHED
2022,202200257,2023-01-23T00:00:00+00:00,26,West Ham United FC,Crystal Palace FC,4,0,FINISHED
2022,202200258,2023-01-29T00:00:00+00:00,26,Burnley FC,Tottenham Hotspur FC,1,3,FINISHED
2022,202200259,2023-01-25T00:00:00+00:00,26,Brighton & Hove Albion FC,Manchester City FC,3,0,FINISHED
2022,202200260,2023-01-27T00:00:00+00:00,26,Manchester United FC,Everton FC,0,0,FINISHED
2022,202200261,2023-02-05T00:00:00+00:00,27,Tottenham Hotspur FC,Manchester City FC,0,0,FINISHED
2022,202200262,2023-02-05T00:00:00+00:00,27,Chelsea FC,AFC Bournemouth,2,1,FINISHED
2022,202200263,2023-02-01T00:00:00+00:00,27,Manchester United FC,Arsenal FC,2,2,FINISHED
2022,202200264,2023-02-03T00:00:00+00:00,27,Leeds United FC,Nottingham Forest FC,4,1,FINISHED
2022,202200265,2023-01-31T00:00:00+00:00,27,Everton FC,West Ham United FC,0,3,FINISHED
2022,202200266,2023-02-01T00:00:00+00:00,27,Wolverhampton Wanderers FC,Brighton & Hove Albion FC,1,0,FINISHED
2022,202200267,2023-02-02T00:00:00+00:00,27,Leicester City FC,Southampton FC,0,1,FINISHED
2022,202200268,2023-02-02T00:00:00+00:00,27,Liverpool FC,West Ham United FC,2,0,FINISHED
2022,202200269,2023-02-05T00:00:00+00:00,27,Newcastle United FC,Crystal Palace FC,4,0,FINISHED
2022,202200270,2023-02-01T00:00:00+00:00,27,Aston Villa FC,Burnley FC,1,0,FINISHED
2022,202200271,2023-02-12T00:00:00+00:00,28,Nottingham Forest FC,Leicester City FC,2,0,FINISHED
2022,202200272,2023-02-06T00:00:00+00:00,28,Fulham FC,West Ham United FC,3,0,FINISHED
2022,202200273,2023-02-12T00:00:00+00:00,28,Newcastle United FC,West Ham United FC,4,1,FINISHED
2022,202200274,2023-02-06T00:00:00+00:00,28,Crystal Palace FC,Liverpool FC,3,0,FINISHED
2022,202200275,2023-02-09T00:00:00+00:00,28,Southampton FC,Arsenal FC,3,1,FINISHED
2022,202200276,2023-02-12T00:00:00+00:00,28,Manchester City FC,Brighton & Hove Albion FC,0,2,FINISHED
2022,202200277,2023-02-12T00:00:00+00:00,28,Everton FC,Wolverhampton Wanderers FC,0,3,FINISHED
2022,202200278,2023-02-06T00:00:00+00:00,28,AFC Bournemouth,Chelsea FC,3,1,FINISHED
2022,202200279,2023-02-10T00:00:00+00:00,28,Tottenham Hotspur FC,Burnley FC,3,1,FINISHED
2022,202200280,2023-02-11T00:00:00+00:00,28,Aston Villa FC,Manchester United FC,2,2,FINISHED
2022,202200281,2023-02-18T00:00:00+00:00,29,Manchester United FC,Wolverhampton Wanderers FC,1,4,FINISHED
2022,202200282,2023-02-17T00:00:00+00:00,29,Nottingham Forest FC,Leicester City FC,4,1,FINISHED
2022,202200283,2023-02-19T00:00:00+00:00,29,West Ham United FC,Arsenal FC,1,0,FINISHED
2022,202200284,2023-02-19T00:00:00+00:00,29,Southampton FC,Chelsea FC,4,1,FINISHED
2022,202200285,2023-02-19T00:00:00+00:00,29,Fulham FC,Newcastle United FC,4,0,FINISHED
2022,202200286,2023-02-15T00:00:00+00:00,29,Burnley FC,West Ham United FC,0,2,FINISHED
2022,202200287,2023-02-13T00:00:00+00:00,29,Brighton & Hove Albion FC,Aston Villa FC,4,0,FINISHED
2022,202200288,2023-02-16T00:00:00+00:00,29,Tottenham Hotspur FC,Leeds United FC,1,2,FINISHED
2022,202200289,2023-02-17T00:00:00+00:00,29,Liverpool FC,Crystal Palace FC,3,1,FINISHED
2022,202200290,2023-02-13T00:00:00+00:00,29,Everton FC,Manchester City FC,2,0,FINISHED
2022,202200291,2023-02-23T00:00:00+00:00,30,AFC Bournemouth,West Ham United FC,3,1,FINISHED
2022,202200292,2023-02-20T00:00:00+00:00,30,Manchester United FC,Nottingham Forest FC,2,1,FINISHED
2022,202200293,2023-02-25T00:00:00+00:00,30,Burnley FC,Newcastle United FC,0,3,FINISHED
2022,202200294,2023-02-26T00:00:00+00:00,30,Chelsea FC,Brighton & Hove Albion FC,4,1,FINISHED
2022,202200295,2023-02-26T00:00:00+00:00,30,Leeds United FC,Leicester City FC,2,1,FINISHED
2022,202200296,2023-02-23T00:00:00+00:00,30,Crystal Palace FC,Everton FC,4,1,FINISHED
2022,202200297,2023-02-25T00:00:00+00:00,30,Tottenham Hotspur FC,West Ham United FC,4,1,FINISHED
2022,202200298,2023-02-25T00:00:00+00:00,30,Southampton FC,Arsenal FC,3,1,FINISHED
2022,202200299,2023-02-23T00:00:00+00:00,30,Manchester City FC,Wolverhampton Wanderers FC,1,3,FINISHED
2022,202200300,2023-02-20T00:00:00+00:00,30,Aston Villa FC,Liverpool FC,2,1,FINISHED
2022,202200301,2023-03-02T00:00:00+00:00,31,Liverpool FC,West Ham United FC,2,0,FINISHED
2022,202200302,2023-02-28T00:00:00+00:00,31,Everton FC,Aston Villa FC,4,1,FINISHED
2022,202200303,2023-02-28T00:00:00+00:00,31,West Ham United FC,Southampton FC,1,4,FINISHED
2022,202200304,2023-02-28T00:00:00+00:00,31,Wolverhampton Wanderers FC,Leeds United FC,2,0,FINISHED
2022,202200305,2023-03-03T00:00:00+00:00,31,Leicester City FC,Nottingham Forest FC,2,2,FINISHED
2022,202200306,2023-03-03T00:00:00+00:00,31,Arsenal FC,Newcastle United FC,1,1,FINISHED
2022,202200307,2023-03-02T00:00:00+00:00,31,Chelsea FC,Manchester United FC,2,1,FINISHED
2022,202200308,2023-02-28T00:00:00+00:00,31,AFC Bournemouth,Tottenham Hotspur FC,2,0,FINISHED
2022,202200309,2023-03-03T00:00:00+00:00,31,Brighton & Hove Albion FC,Fulham FC,0,2,FINISHED
2022,202200310,2023-03-03T00:00:00+00:00,31,Manchester City FC,Crystal Palace FC,0,1,FINISHED
2022,202200311,2023-03-11T00:00:00+00:00,32,Everton FC,Manchester United FC,0,2,FINISHED
2022,202200312,2023-03-12T00:00:00+00:00,32,Manchester City FC,Wolverhampton Wanderers FC,0,0,FINISHED
2022,202200313,2023-03-06T00:00:00+00:00,32,AFC Bournemouth,Nottingham Forest FC,1,1,FINISHED
2022,202200314,2023-03-07T00:00:00+00:00,32,Arsenal FC,West Ham United FC,3,0,FINISHED
2022,202200315,2023-03-09T00:00:00+00:00,32,Burnley FC,Southampton FC,4,1,FINISHED
2022,202200316,2023-03-09T00:00:00+00:00,32,Leeds United FC,Liverpool FC,2,0,FINISHED
2022,202200317,2023-03-06T00:00:00+00:00,32,Chelsea FC,Brighton & Hove Albion FC,0,4,FINISHED
2022,202200318,2023-03-08T00:00:00+00:00,32,Aston Villa FC,Crystal Palace FC,1,2,FINISHED
2022,202200319,2023-03-07T00:00:00+00:00,32,Fulham FC,Newcastle United FC,2,0,FINISHED
2022,202200320,2023-03-08T00:00:00+00:00,32,Leicester City FC,West Ham United FC,1,2,FINISHED
2022,202200321,2023-03-17T00:00:00+00:00,33,Arsenal FC,Wolverhampton Wanderers FC,4,1,FINISHED
2022,202200322,2023-03-19T00:00:00+00:00,33,Newcastle United FC,Fulham FC,0,3,FINISHED
2022,202200323,2023-03-14T00:00:00+00:00,33,Manchester City FC,Brighton & Hove Albion FC,4,1,FINISHED
2022,202200324,2023-03-13T00:00:00+00:00,33,Southampton FC,Tottenham Hotspur FC,0,0,FINISHED
2022,202200325,2023-03-16T00:00:00+00:00,33,Nottingham Forest FC,Liverpool FC,1,3,FINISHED
2022,202200326,2023-03-18T00:00:00+00:00,33,Manchester United FC,West Ham United FC,3,0,FINISHED
2022,202200327,2023-03-13T00:00:00+00:00,33,Burnley FC,West Ham United FC,0,0,FINISHED
2022,202200328,2023-03-15T00:00:00+00:00,33,Everton FC,Leicester City FC,3,0,FINISHED
2022,202200329,2023-03-13T00:00:00+00:00,33,Chelsea FC,AFC Bournemouth,4,1,FINISHED
2022,202200330,2023-03-18T00:00:00+00:00,33,Crystal Palace FC,Leeds United FC,0,2,FINISHED
2022,202200331,2023-03-23T00:00:00+00:00,34,Southampton FC,Chelsea FC,4,1,FINISHED
2022,202200332,2023-03-20T00:00:00+00:00,34,Everton FC,Leeds United FC,2,0,FINISHED
2022,202200333,2023-03-24T00:00:00+00:00,34,Fulham FC,West Ham United FC,2,0,FINISHED
2022,202200334,2023-03-22T00:00:00+00:00,34,Crystal Palace FC,West Ham United FC,2,0,FINISHED
2022,202200335,2023-03-21T00:00:00+00:00,34,AFC Bournemouth,Brighton & Hove Albion FC,1,1,FINISHED
2022,202200336,2023-03-26T00:00:00+00:00,34,Newcastle United FC,Tottenham Hotspur FC,1,2,FINISHED
2022,202200337,2023-03-25T00:00:00+00:00,34,Nottingham Forest FC,Wolverhampton Wanderers FC,0,2,FINISHED
2022,202200338,2023-03-20T00:00:00+00:00,34,Manchester United FC,Liverpool FC,0,2,FINISHED
2022,202200339,2023-03-23T00:00:00+00:00,34,Aston Villa FC,Burnley FC,4,1,FINISHED
2022,202200340,2023-03-25T00:00:00+00:00,34,Leicester City FC,Arsenal FC,2,0,FINISHED
2022,202200341,2023-03-29T00:00:00+00:00,35,Aston Villa FC,Crystal Palace FC,0,0,FINISHED
2022,202200342,2023-03-28T00:00:00+00:00,35,West Ham United FC,Everton FC,2,0,FINISHED
2022,202200343,2023-03-30T00:00:00+00:00,35,Brighton & Hove Albion FC,Arsenal FC,1,1,FINISHED
2022,202200344,2023-03-27T00:00:00+00:00,35,Leeds United FC,Fulham FC,2,1,FINISHED
2022,202200345,2023-03-31T00:00:00+00:00,35,Wolverhampton Wanderers FC,Liverpool FC,0,2,FINISHED
2022,202200346,2023-04-01T00:00:00+00:00,35,Chelsea FC,Burnley FC,1,2,FINISHED
2022,202200347,2023-04-01T00:00:00+00:00,35,Manchester United FC,AFC Bournemouth,3,0,FINISHED
2022,202200348,2023-03-31T00:00:00+00:00,35,Tottenham Hotspur FC,Leicester City FC,3,1,FINISHED
2022,202200349,2023-04-01T00:00:00+00:00,35,Nottingham Forest FC,Newcastle United FC,1,4,FINISHED
2022,202200350,2023-03-28T00:00:00+00:00,35,Manchester City FC,West Ham United FC,2,1,FINISHED
2022,202200351,2023-04-06T00:00:00+00:00,36,Aston Villa FC,Leeds United FC,3,1,FINISHED
2022,202200352,2023-04-06T00:00:00+00:00,36,Tottenham Hotspur FC,Wolverhampton Wanderers FC,0,0,FINISHED
2022,202200353,2023-04-05T00:00:00+00:00,36,Manchester City FC,West Ham United FC,3,0,FINISHED
2022,202200354,2023-04-09T00:00:00+00:00,36,AFC Bournemouth,Leicester City FC,2,0,FINISHED
2022,202200355,2023-04-08T00:00:00+00:00,36,Newcastle United FC,Burnley FC,4,1,FINISHED
2022,202200356,2023-04-05T00:00:00+00:00,36,Everton FC,Manchester United FC,4,0,FINISHED
2022,202200357,2023-04-06T00:00:00+00:00,36,Chelsea FC,Arsenal FC,2,0,FINISHED
2022,202200358,2023-04-04T00:00:00+00:00,36,Liverpool FC,Crystal Palace FC,2,0,FINISHED
2022,202200359,2023-04-08T00:00:00+00:00,36,Brighton & Hove Albion FC,Southampton FC,1,2,FINISHED
2022,202200360,2023-04-04T00:00:00+00:00,36,Nottingham Forest FC,Fulham FC,1,0,FINISHED
2022,202200361,2023-04-16T00:00:00+00:00,37,Leeds United FC,Liverpool FC,3,1,FINISHED
2022,202200362,2023-04-15T00:00:00+00:00,37,Everton FC,Burnley FC,1,0,FINISHED
2022,202200363,2023-04-11T00:00:00+00:00,37,Southampton FC,Newcastle United FC,2,1,FINISHED
2022,202200364,2023-04-12T00:00:00+00:00,37,Chelsea FC,Fulham FC,2,0,FINISHED
2022,202200365,2023-04-10T00:00:00+00:00,37,Manchester United FC,West Ham United FC,3,0,FINISHED
2022,202200366,2023-04-16T00:00:00+00:00,37,West Ham United FC,Crystal Palace FC,2,2,FINISHED
2022,202200367,2023-04-12T00:00:00+00:00,37,Tottenham Hotspur FC,AFC Bournemouth,3,0,FINISHED
2022,202200368,2023-04-16T00:00:00+00:00,37,Nottingham Forest FC,Arsenal FC,4,1,FINISHED
2022,202200369,2023-04-12T00:00:00+00:00,37,Brighton & Hove Albion FC,Leicester City FC,2,2,FINISHED
2022,202200370,2023-04-15T00:00:00+00:00,37,Manchester City FC,Wolverhampton Wanderers FC,0,3,FINISHED
2022,202200371,2023-04-20T00:00:00+00:00,38,Fulham FC,Aston Villa FC,2,0,FINISHED
2022,202200372,2023-04-17T00:00:00+00:00,38,AFC Bournemouth,Manchester United FC,4,1,FINISHED
2022,202200373,2023-04-19T00:00:00+00:00,38,Leicester City FC,Manchester City FC,2,0,FINISHED
2022,202200374,2023-04-17T00:00:00+00:00,38,West Ham United FC,Southampton FC,3,0,FINISHED
2022,202200375,2023-04-18T00:00:00+00:00,38,Arsenal FC,Tottenham Hotspur FC,3,0,FINISHED
2022,202200376,2023-04-21T00:00:00+00:00,38,Newcastle United FC,Leeds United FC,2,0,FINISHED
2022,202200377,2023-04-20T00:00:00+00:00,38,Liverpool FC,Everton FC,0,1,FINISHED
2022,202200378,2023-04-18T00:00:00+00:00,38,Nottingham Forest FC,Crystal Palace FC,2,0,FINISHED
2022,202200379,2023-04-20T00:00:00+00:00,38,Chelsea FC,Brighton & Hove Albion FC,4,0,FINISHED
2022,202200380,2023-04-19T00:00:00+00:00,38,Burnley FC,Wolverhampton Wanderers FC,0,0,FINISHED
2021,202100001,2021-08-06T00:00:00+00:00,1,Leeds United FC,Crystal Palace FC,2,1,FINISHED
2021,202100002,2021-08-05T00:00:00+00:00,1,Everton FC,Southampton FC,4,1,FINISHED
2021,202100003,2021-08-07T00:00:00+00:00,1,Wolverhampton Wanderers FC,Manchester City FC,1,1,FINISHED
2021,202100004,2021-08-03T00:00:00+00:00,1,Aston Villa FC,West Ham United FC,3,0,FINISHED
2021,202100005,2021-08-01T00:00:00+00:00,1,AFC Bournemouth,Arsenal FC,2,1,FINISHED
2021,202100006,2021-08-01T00:00:00+00:00,1,Burnley FC,Fulham FC,4,1,FINISHED
2021,202100007,2021-08-02T00:00:00+00:00,1,Newcastle United FC,Brighton & Hove Albion FC,4,0,FINISHED
2021,202100008,2021-08-06T00:00:00+00:00,1,Manchester United FC,Chelsea FC,0,1,FINISHED
2021,202100009,2021-08-03T00:00:00+00:00,1,Tottenham Hotspur FC,West Bromwich Albion FC,4,0,FINISHED
2021,202100010,2021-08-07T00:00:00+00:00,1,Leicester City FC,Liverpool FC,0,2,FINISHED
2021,202100011,2021-08-14T00:00:00+00:00,2,Tottenham Hotspur FC,Liverpool FC,0,4,FINISHED
2021,202100012,2021-08-09T00:00:00+00:00,2,West Ham United FC,Southampton FC,0,0,FINISHED
2021,202100013,2021-08-09T00:00:00+00:00,2,Leeds United FC,Newcastle United FC,2,0,FINISHED
2021,202100014,2021-08-09T00:00:00+00:00,2,Everton FC,Manchester City FC,2,0,FINISHED
2021,202100015,2021-08-12T00:00:00+00:00,2,AFC Bournemouth,Fulham FC,1,3,FINISHED
2021,202100016,2021-08-14T00:00:00+00:00,2,Arsenal FC,Chelsea FC,0,2,FINISHED
2021,202100017,2021-08-10T00:00:00+00:00,2,Brighton & Hove Albion FC,Crystal Palace FC,2,1,FINISHED
2021,202100018,2021-08-08T00:00:00+00:00,2,Burnley FC,West Bromwich Albion FC,0,0,FINISHED
2021,202100019,2021-08-12T00:00:00+00:00,2,Wolverhampton Wanderers FC,Aston Villa FC,2,0,FINISHED
2021,202100020,2021-08-09T00:00:00+00:00,2,Leicester City FC,Manchester United FC,0,2,FINISHED
2021,202100021,2021-08-16T00:00:00+00:00,3,West Ham United FC,AFC Bournemouth,3,0,FINISHED
2021,202100022,2021-08-19T00:00:00+00:00,3,Leicester City FC,Fulham FC,0,1,FINISHED
2021,202100023,2021-08-17T00:00:00+00:00,3,Liverpool FC,West Bromwich Albion FC,1,2,FINISHED
2021,202100024,2021-08-21T00:00:00+00:00,3,Chelsea FC,Burnley FC,0,0,FINISHED
2021,202100025,2021-08-15T00:00:00+00:00,3,Manchester United FC,Southampton FC,1,1,FINISHED
2021,202100026,2021-08-15T00:00:00+00:00,3,Everton FC,Crystal Palace FC,2,1,FINISHED
2021,202100027,2021-08-15T00:00:00+00:00,3,Newcastle United FC,Arsenal FC,1,2,FINISHED
2021,202100028,2021-08-16T00:00:00+00:00,3,Aston Villa FC,Leeds United FC,0,4,FINISHED
2021,202100029,2021-08-20T00:00:00+00:00,3,Tottenham Hotspur FC,Brighton & Hove Albion FC,3,0,FINISHED
2021,202100030,2021-08-19T00:00:00+00:00,3,Manchester City FC,Wolverhampton Wanderers FC,2,0,FINISHED
2021,202100031,2021-08-25T00:00:00+00:00,4,Arsenal FC,Leicester City FC,1,0,FINISHED
2021,202100032,2021-08-22T00:00:00+00:00,4,Wolverhampton Wanderers FC,West Ham United FC,2,1,FINISHED
2021,202100033,2021-08-25T00:00:00+00:00,4,Aston Villa FC,Fulham FC,2,1,FINISHED
2021,202100034,2021-08-22T00:00:00+00:00,4,Liverpool FC,West Bromwich Albion FC,2,1,FINISHED
2021,202100035,2021-08-28T00:00:00+00:00,4,Southampton FC,Leeds United FC,2,1,FINISHED
2021,202100036,2021-08-26T00:00:00+00:00,4,Manchester City FC,AFC Bournemouth,0,4,FINISHED
2021,202100037,2021-08-25T00:00:00+00:00,4,Chelsea FC,Manchester United FC,3,0,FINISHED
2021,202100038,2021-08-27T00:00:00+00:00,4,Burnley FC,Crystal Palace FC,0,1,FINISHED
2021,202100039,2021-08-28T00:00:00+00:00,4,Tottenham Hotspur FC,Everton FC,0,2,FINISHED
2021,202100040,2021-08-23T00:00:00+00:00,4,Newcastle United FC,Brighton & Hove Albion FC,2,0,FINISHED
2021,202100041,2021-08-31T00:00:00+00:00,5,Wolverhampton Wanderers FC,Crystal Palace FC,0,4,FINISHED
2021,202100042,2021-09-03T00:00:00+00:00,5,Tottenham Hotspur FC,Brighton & Hove Albion FC,2,0,FINISHED
2021,202100043,2021-08-29T00:00:00+00:00,5,Chelsea FC,Manchester United FC,2,1,FINISHED
2021,202100044,2021-09-02T00:00:00+00:00,5,AFC Bournemouth,West Bromwich Albion FC,1,1,FINISHED
2021,202100045,2021-08-29T00:00:00+00:00,5,Southampton FC,Liverpool FC,4,1,FINISHED
2021,202100046,2021-09-04T00:00:00+00:00,5,Everton FC,West Ham United FC,4,0,FINISHED
2021,202100047,2021-08-31T00:00:00+00:00,5,Leeds United FC,Fulham FC,1,2,FINISHED
2021,202100048,2021-09-03T00:00:00+00:00,5,Manchester City FC,Burnley FC,0,0,FINISHED
2021,202100049,2021-09-02T00:00:00+00:00,5,Arsenal FC,Newcastle United FC,3,1,FINISHED
2021,202100050,2021-09-04T00:00:00+00:00,5,Leicester City FC,Aston Villa FC,0,2,FINISHED
2021,202100051,2021-09-06T00:00:00+00:00,6,Aston Villa FC,West Ham United FC,4,1,FINISHED
2021,202100052,2021-09-08T00:00:00+00:00,6,Burnley FC,Fulham FC,1,2,FINISHED
2021,202100053,2021-09-11T00:00:00+00:00,6,Chelsea FC,Crystal Palace FC,2,1,FINISHED
2021,202100054,2021-09-11T00:00:00+00:00,6,Liverpool FC,Arsenal FC,4,1,FINISHED
2021,202100055,2021-09-08T00:00:00+00:00,6,AFC Bournemouth,Brighton & Hove Albion FC,1,3,FINISHED
2021,202100056,2021-09-08T00:00:00+00:00,6,Manchester United FC,Leeds United FC,0,0,FINISHED
2021,202100057,2021-09-10T00:00:00+00:00,6,Tottenham Hotspur FC,Manchester City FC,2,2,FINISHED
2021,202100058,2021-09-07T00:00:00+00:00,6,Everton FC,Southampton FC,4,1,FINISHED
2021,202100059,2021-09-08T00:00:00+00:00,6,West Bromwich Albion FC,Leicester City FC,2,1,FINISHED
2021,202100060,2021-09-05T00:00:00+00:00,6,Wolverhampton Wanderers FC,Newcastle United FC,2,2,FINISHED
2021,202100061,2021-09-13T00:00:00+00:00,7,West Ham United FC,Wolverhampton Wanderers FC,1,1,FINISHED
2021,202100062,2021-09-15T00:00:00+00:00,7,Chelsea FC,Aston Villa FC,2,2,FINISHED
2021,202100063,2021-09-16T00:00:00+00:00,7,Fulham FC,Everton FC,0,0,FINISHED
2021,202100064,2021-09-14T00:00:00+00:00,7,Crystal Palace FC,Leeds United FC,4,1,FINISHED
2021,202100065,2021-09-15T00:00:00+00:00,7,Burnley FC,Brighton & Hove Albion FC,2,1,FINISHED
2021,202100066,2021-09-14T00:00:00+00:00,7,West Bromwich Albion FC,Tottenham Hotspur FC,2,0,FINISHED
2021,202100067,2021-09-16T00:00:00+00:00,7,Newcastle United FC,Liverpool FC,2,0,FINISHED
2021,202100068,2021-09-18T00:00:00+00:00,7,AFC Bournemouth,Arsenal FC,1,1,FINISHED
2021,202100069,2021-09-17T00:00:00+00:00,7,Manchester United FC,Manchester City FC,4,0,FINISHED
2021,202100070,2021-09-14T00:00:00+00:00,7,Southampton FC,Leicester City FC,1,2,FINISHED
2021,202100071,2021-09-23T00:00:00+00:00,8,Everton FC,Arsenal FC,2,0,FINISHED
2021,202100072,2021-09-19T00:00:00+00:00,8,Newcastle United FC,AFC Bournemouth,0,2,FINISHED
2021,202100073,2021-09-19T00:00:00+00:00,8,Fulham FC,Manchester City FC,0,0,FINISHED
2021,202100074,2021-09-20T00:00:00+00:00,8,Tottenham Hotspur FC,Manchester United FC,0,1,FINISHED
2021,202100075,2021-09-21T00:00:00+00:00,8,Crystal Palace FC,Burnley FC,2,0,FINISHED
2021,202100076,2021-09-21T00:00:00+00:00,8,Leicester City FC,Aston Villa FC,2,0,FINISHED
2021,202100077,2021-09-25T00:00:00+00:00,8,Wolverhampton Wanderers FC,Chelsea FC,0,4,FINISHED
2021,202100078,2021-09-24T00:00:00+00:00,8,West Ham United FC,Leeds United FC,1,0,FINISHED
2021,202100079,2021-09-23T00:00:00+00:00,8,West Bromwich Albion FC,Brighton & Hove Albion FC,3,0,FINISHED
2021,202100080,2021-09-23T00:00:00+00:00,8,Southampton FC,Liverpool FC,1,4,FINISHED
2021,202100081,2021-09-29T00:00:00+00:00,9,Aston Villa FC,Arsenal FC,2,0,FINISHED
2021,202100082,2021-09-28T00:00:00+00:00,9,Manchester United FC,West Bromwich Albion FC,2,1,FINISHED
2021,202100083,2021-10-01T00:00:00+00:00,9,Leicester City FC,AFC Bournemouth,0,1,FINISHED
2021,202100084,2021-09-27T00:00:00+00:00,9,Leeds United FC,Newcastle United FC,0,2,FINISHED
2021,202100085,2021-10-01T00:00:00+00:00,9,Chelsea FC,Manchester City FC,4,1,FINISHED
2021,202100086,2021-09-28T00:00:00+00:00,9,Liverpool FC,Tottenham Hotspur FC,2,1,FINISHED
2021,202100087,2021-09-28T00:00:00+00:00,9,Brighton & Hove Albion FC,Everton FC,3,0,FINISHED
2021,202100088,2021-09-26T00:00:00+00:00,9,Fulham FC,West Ham United FC,4,0,FINISHED
2021,202100089,2021-09-28T00:00:00+00:00,9,Burnley FC,Wolverhampton Wanderers FC,3,0,FINISHED
2021,202100090,2021-09-28T00:00:00+00:00,9,Crystal Palace FC,Southampton FC,0,0,FINISHED
2021,202100091,2021-10-03T00:00:00+00:00,10,Fulham FC,Manchester United FC,2,0,FINISHED
2021,202100092,2021-10-05T00:00:00+00:00,10,Manchester City FC,Burnley FC,2,2,FINISHED
2021,202100093,2021-10-05T00:00:00+00:00,10,AFC Bournemouth,Leicester City FC,0,1,FINISHED
2021,202100094,2021-10-07T00:00:00+00:00,10,Crystal Palace FC,Leeds United FC,2,2,FINISHED
2021,202100095,2021-10-06T00:00:00+00:00,10,Tottenham Hotspur FC,West Bromwich Albion FC,2,1,FINISHED
2021,202100096,2021-10-03T00:00:00+00:00,10,Newcastle United FC,Southampton FC,3,0,FINISHED
2021,202100097,2021-10-06T00:00:00+00:00,10,Chelsea FC,Aston Villa FC,2,2,FINISHED
2021,202100098,2021-10-06T00:00:00+00:00,10,Wolverhampton Wanderers FC,Everton FC,1,0,FINISHED
2021,202100099,2021-10-04T00:00:00+00:00,10,West Ham United FC,Liverpool FC,2,0,FINISHED
2021,202100100,2021-10-06T00:00:00+00:00,10,Arsenal FC,Brighton & Hove Albion FC,3,0,FINISHED
2021,202100101,2021-10-13T00:00:00+00:00,11,Brighton & Hove Albion FC,Tottenham Hotspur FC,3,0,FINISHED
2021,202100102,2021-10-10T00:00:00+00:00,11,Burnley FC,West Ham United FC,0,2,FINISHED
2021,202100103,2021-10-14T00:00:00+00:00,11,Leicester City FC,Arsenal FC,3,0,FINISHED
2021,202100104,2021-10-10T00:00:00+00:00,11,Wolverhampton Wanderers FC,Aston Villa FC,2,0,FINISHED
2021,202100105,2021-10-10T00:00:00+00:00,11,Everton FC,Newcastle United FC,2,1,FINISHED
2021,202100106,2021-10-11T00:00:00+00:00,11,AFC Bournemouth,West Bromwich Albion FC,2,1,FINISHED
2021,202100107,2021-10-15T00:00:00+00:00,11,Crystal Palace FC,Southampton FC,0,1,FINISHED
2021,202100108,2021-10-16T00:00:00+00:00,11,Liverpool FC,Chelsea FC,3,0,FINISHED
2021,202100109,2021-10-14T00:00:00+00:00,11,Manchester United FC,Manchester City FC,1,2,FINISHED
2021,202100110,2021-10-10T00:00:00+00:00,11,Leeds United FC,Fulham FC,1,0,FINISHED
2021,202100111,2021-10-18T00:00:00+00:00,12,Wolverhampton Wanderers FC,Burnley FC,1,2,FINISHED
2021,202100112,2021-10-18T00:00:00+00:00,12,Arsenal FC,Everton FC,2,1,FINISHED
2021,202100113,2021-10-22T00:00:00+00:00,12,Leeds United FC,Brighton & Hove Albion FC,2,1,FINISHED
2021,202100114,2021-10-17T00:00:00+00:00,12,Liverpool FC,West Bromwich Albion FC,0,1,FINISHED
2021,202100115,2021-10-20T00:00:00+00:00,12,AFC Bournemouth,Aston Villa FC,2,0,FINISHED
2021,202100116,2021-10-23T00:00:00+00:00,12,Tottenham Hotspur FC,Southampton FC,2,1,FINISHED
2021,202100117,2021-10-22T00:00:00+00:00,12,Crystal Palace FC,Chelsea FC,1,2,FINISHED
2021,202100118,2021-10-18T00:00:00+00:00,12,West Ham United FC,Fulham FC,1,1,FINISHED
2021,202100119,2021-10-17T00:00:00+00:00,12,Manchester City FC,Leicester City FC,1,1,FINISHED
2021,202100120,2021-10-19T00:00:00+00:00,12,Manchester United FC,Newcastle United FC,2,1,FINISHED
2021,202100121,2021-10-25T00:00:00+00:00,13,Brighton & Hove Albion FC,Aston Villa FC,1,1,FINISHED
2021,202100122,2021-10-30T00:00:00+00:00,13,Burnley FC,Everton FC,2,1,FINISHED
2021,202100123,2021-10-25T00:00:00+00:00,13,Wolverhampton Wanderers FC,Arsenal FC,1,1,FINISHED
2021,202100124,2021-10-26T00:00:00+00:00,13,Newcastle United FC,Leicester City FC,1,1,FINISHED
2021,202100125,2021-10-24T00:00:00+00:00,13,Manchester City FC,West Bromwich Albion FC,0,0,FINISHED
2021,202100126,2021-10-30T00:00:00+00:00,13,Manchester United FC,Southampton FC,0,1,FINISHED
2021,202100127,2021-10-30T00:00:00+00:00,13,Crystal Palace FC,West Ham United FC,2,1,FINISHED
2021,202100128,2021-10-26T00:00:00+00:00,13,AFC Bournemouth,Liverpool FC,4,1,FINISHED
2021,202100129,2021-10-24T00:00:00+00:00,13,Chelsea FC,Tottenham Hotspur FC,0,2,FINISHED
2021,202100130,2021-10-29T00:00:00+00:00,13,Leeds United FC,Fulham FC,2,1,FINISHED
2021,202100131,2021-11-02T00:00:00+00:00,14,Crystal Palace FC,West Ham United FC,2,0,FINISHED
2021,202100132,2021-11-01T00:00:00+00:00,14,Everton FC,Aston Villa FC,0,0,FINISHED
2021,202100133,2021-11-05T00:00:00+00:00,14,Southampton FC,Burnley FC,2,1,FINISHED
2021,202100134,2021-11-04T00:00:00+00:00,14,Leeds United FC,Chelsea FC,2,0,FINISHED
2021,202100135,2021-11-06T00:00:00+00:00,14,Newcastle United FC,Brighton & Hove Albion FC,2,0,FINISHED
2021,202100136,2021-11-04T00:00:00+00:00,14,AFC Bournemouth,Manchester United FC,4,1,FINISHED
2021,202100137,2021-11-04T00:00:00+00:00,14,Tottenham Hotspur FC,Liverpool FC,2,2,FINISHED
2021,202100138,2021-11-01T00:00:00+00:00,14,Leicester City FC,Arsenal FC,4,1,FINISHED
2021,202100139,2021-11-06T00:00:00+00:00,14,Manchester City FC,Wolverhampton Wanderers FC,2,0,FINISHED
2021,202100140,2021-10-31T00:00:00+00:00,14,West Bromwich Albion FC,Fulham FC,0,4,FINISHED
2021,202100141,2021-11-12T00:00:00+00:00,15,Southampton FC,Fulham FC,3,1,FINISHED
2021,202100142,2021-11-13T00:00:00+00:00,15,Tottenham Hotspur FC,Chelsea FC,3,1,FINISHED
2021,202100143,2021-11-08T00:00:00+00:00,15,AFC Bournemouth,Newcastle United FC,1,2,FINISHED
2021,202100144,2021-11-12T00:00:00+00:00,15,Liverpool FC,Everton FC,3,1,FINISHED
2021,202100145,2021-11-12T00:00:00+00:00,15,West Bromwich Albion FC,Leicester City FC,2,0,FINISHED
2021,202100146,2021-11-12T00:00:00+00:00,15,Manchester City FC,Wolverhampton Wanderers FC,2,0,FINISHED
2021,202100147,2021-11-12T00:00:00+00:00,15,Arsenal FC,Burnley FC,2,2,FINISHED
2021,202100148,2021-11-07T00:00:00+00:00,15,Manchester United FC,Leeds United FC,2,0,FINISHED
2021,202100149,2021-11-09T00:00:00+00:00,15,Brighton & Hove Albion FC,Aston Villa FC,1,1,FINISHED
2021,202100150,2021-11-09T00:00:00+00:00,15,West Ham United FC,Crystal Palace FC,1,2,FINISHED
2021,202100151,2021-11-18T00:00:00+00:00,16,Newcastle United FC,Everton FC,0,2,FINISHED
2021,202100152,2021-11-15T00:00:00+00:00,16,Burnley FC,Manchester City FC,2,2,FINISHED
2021,202100153,2021-11-16T00:00:00+00:00,16,Wolverhampton Wanderers FC,Tottenham Hotspur FC,4,1,FINISHED
2021,202100154,2021-11-18T00:00:00+00:00,16,Aston Villa FC,West Ham United FC,2,0,FINISHED
2021,202100155,2021-11-15T00:00:00+00:00,16,Leeds United FC,Chelsea FC,3,0,FINISHED
2021,202100156,2021-11-18T00:00:00+00:00,16,Fulham FC,AFC Bournemouth,3,1,FINISHED
2021,202100157,2021-11-16T00:00:00+00:00,16,Southampton FC,Arsenal FC,2,1,FINISHED
2021,202100158,2021-11-19T00:00:00+00:00,16,West Bromwich Albion FC,Brighton & Hove Albion FC,3,1,FINISHED
2021,202100159,2021-11-18T00:00:00+00:00,16,Manchester United FC,Crystal Palace FC,2,0,FINISHED
2021,202100160,2021-11-14T00:00:00+00:00,16,Liverpool FC,Leicester City FC,2,0,FINISHED
2021,202100161,2021-11-26T00:00:00+00:00,17,Fulham FC,West Bromwich Albion FC,4,1,FINISHED
2021,202100162,2021-11-23T00:00:00+00:00,17,Crystal Palace FC,Manchester United FC,4,1,FINISHED
2021,202100163,2021-11-26T00:00:00+00:00,17,Manchester City FC,Southampton FC,0,2,FINISHED
2021,202100164,2021-11-21T00:00:00+00:00,17,Aston Villa FC,Newcastle United FC,2,1,FINISHED
2021,202100165,2021-11-27T00:00:00+00:00,17,Burnley FC,Wolverhampton Wanderers FC,2,2,FINISHED
2021,202100166,2021-11-26T00:00:00+00:00,17,Chelsea FC,Liverpool FC,2,1,FINISHED
2021,202100167,2021-11-26T00:00:00+00:00,17,Brighton & Hove Albion FC,Leicester City FC,3,0,FINISHED
2021,202100168,2021-11-26T00:00:00+00:00,17,Leeds United FC,Everton FC,0,2,FINISHED
2021,202100169,2021-11-27T00:00:00+00:00,17,Tottenham Hotspur FC,AFC Bournemouth,2,0,FINISHED
2021,202100170,2021-11-27T00:00:00+00:00,17,West Ham United FC,Arsenal FC,0,2,FINISHED
2021,202100171,2021-12-02T00:00:00+00:00,18,Fulham FC,Chelsea FC,0,2,FINISHED
2021,202100172,2021-12-03T00:00:00+00:00,18,Arsenal FC,West Ham United FC,2,2,FINISHED
2021,202100173,2021-12-01T00:00:00+00:00,18,Crystal Palace FC,Wolverhampton Wanderers FC,4,0,FINISHED
2021,202100174,2021-12-02T00:00:00+00:00,18,Leicester City FC,Tottenham Hotspur FC,0,2,FINISHED
2021,202100175,2021-12-02T00:00:00+00:00,18,West Bromwich Albion FC,Burnley FC,1,1,FINISHED
2021,202100176,2021-11-29T00:00:00+00:00,18,Aston Villa FC,Manchester City FC,2,1,FINISHED
2021,202100177,2021-12-03T00:00:00+00:00,18,Liverpool FC,Brighton & Hove Albion FC,2,1,FINISHED
2021,202100178,2021-12-01T00:00:00+00:00,18,Everton FC,AFC Bournemouth,2,1,FINISHED
2021,202100179,2021-12-02T00:00:00+00:00,18,Newcastle United FC,Manchester United FC,2,0,FINISHED
2021,202100180,2021-12-01T00:00:00+00:00,18,Leeds United FC,Southampton FC,3,0,FINISHED
2021,202100181,2021-12-11T00:00:00+00:00,19,Everton FC,Tottenham Hotspur FC,0,1,FINISHED
2021,202100182,2021-12-11T00:00:00+00:00,19,Southampton FC,Burnley FC,2,2,FINISHED
2021,202100183,2021-12-08T00:00:00+00:00,19,West Bromwich Albion FC,Manchester City FC,1,2,FINISHED
2021,202100184,2021-12-09T00:00:00+00:00,19,West Ham United FC,Arsenal FC,3,1,FINISHED
2021,202100185,2021-12-06T00:00:00+00:00,19,Brighton & Hove Albion FC,Fulham FC,1,4,FINISHED
2021,202100186,2021-12-10T00:00:00+00:00,19,Aston Villa FC,Leicester City FC,2,2,FINISHED
2021,202100187,2021-12-11T00:00:00+00:00,19,AFC Bournemouth,Crystal Palace FC,1,3,FINISHED
2021,202100188,2021-12-09T00:00:00+00:00,19,Newcastle United FC,Chelsea FC,0,2,FINISHED
2021,202100189,2021-12-09T00:00:00+00:00,19,Leeds United FC,Liverpool FC,4,0,FINISHED
2021,202100190,2021-12-10T00:00:00+00:00,19,Wolverhampton Wanderers FC,Manchester United FC,2,0,FINISHED
2021,202100191,2021-12-14T00:00:00+00:00,20,West Ham United FC,Manchester United FC,0,0,FINISHED
2021,202100192,2021-12-14T00:00:00+00:00,20,Burnley FC,Leeds United FC,2,1,FINISHED
2021,202100193,2021-12-12T00:00:00+00:00,20,Arsenal FC,Crystal Palace FC,0,1,FINISHED
2021,202100194,2021-12-13T00:00:00+00:00,20,Chelsea FC,AFC Bournemouth,1,4,FINISHED
2021,202100195,2021-12-14T00:00:00+00:00,20,Leicester City FC,Brighton & Hove Albion FC,0,2,FINISHED
2021,202100196,2021-12-18T00:00:00+00:00,20,Tottenham Hotspur FC,Aston Villa FC,0,1,FINISHED
2021,202100197,2021-12-17T00:00:00+00:00,20,Fulham FC,Wolverhampton Wanderers FC,1,4,FINISHED
2021,202100198,2021-12-17T00:00:00+00:00,20,Manchester City FC,Liverpool FC,0,0,FINISHED
2021,202100199,2021-12-13T00:00:00+00:00,20,Everton FC,West Bromwich Albion FC,2,0,FINISHED
2021,202100200,2021-12-13T00:00:00+00:00,20,Newcastle United FC,Southampton FC,2,0,FINISHED
2021,202100201,2021-12-23T00:00:00+00:00,21,Fulham FC,Chelsea FC,4,1,FINISHED
2021,202100202,2021-12-22T00:00:00+00:00,21,Southampton FC,Newcastle United FC,2,2,FINISHED
2021,202100203,2021-12-24T00:00:00+00:00,21,Leeds United FC,Manchester City FC,2,1,FINISHED
2021,202100204,2021-12-23T00:00:00+00:00,21,Burnley FC,West Bromwich Albion FC,4,1,FINISHED
2021,202100205,2021-12-23T00:00:00+00:00,21,Brighton & Hove Albion FC,Everton FC,2,1,FINISHED
2021,202100206,2021-12-24T00:00:00+00:00,21,Arsenal FC,Wolverhampton Wanderers FC,1,2,FINISHED
2021,202100207,2021-12-24T00:00:00+00:00,21,Liverpool FC,Aston Villa FC,2,1,FINISHED
2021,202100208,2021-12-19T00:00:00+00:00,21,Crystal Palace FC,West Ham United FC,2,0,FINISHED
2021,202100209,2021-12-24T00:00:00+00:00,21,Leicester City FC,Manchester United FC,3,1,FINISHED
2021,202100210,2021-12-20T00:00:00+00:00,21,Tottenham Hotspur FC,AFC Bournemouth,3,1,FINISHED
2021,202100211,2021-12-29T00:00:00+00:00,22,AFC Bournemouth,Everton FC,4,0,FINISHED
2021,202100212,2021-12-30T00:00:00+00:00,22,Chelsea FC,Fulham FC,2,1,FINISHED
2021,202100213,2021-12-28T00:00:00+00:00,22,Crystal Palace FC,Tottenham Hotspur FC,2,0,FINISHED
2021,202100214,2021-12-30T00:00:00+00:00,22,Burnley FC,Leicester City FC,2,2,FINISHED
2021,202100215,2021-12-30T00:00:00+00:00,22,Wolverhampton Wanderers FC,Arsenal FC,2,0,FINISHED
2021,202100216,2021-12-29T00:00:00+00:00,22,West Ham United FC,Leeds United FC,0,2,FINISHED
2021,202100217,2021-12-28T00:00:00+00:00,22,Newcastle United FC,Brighton & Hove Albion FC,1,0,FINISHED
2021,202100218,2021-12-28T00:00:00+00:00,22,Liverpool FC,West Bromwich Albion FC,3,0,FINISHED
2021,202100219,2021-12-28T00:00:00+00:00,22,Manchester United FC,Aston Villa FC,1,1,FINISHED
2021,202100220,2021-12-26T00:00:00+00:00,22,Manchester City FC,Southampton FC,0,2,FINISHED
2021,202100221,2022-01-03T00:00:00+00:00,23,AFC Bournemouth,Brighton & Hove Albion FC,1,0,FINISHED
2021,202100222,2022-01-06T00:00:00+00:00,23,Manchester United FC,Chelsea FC,0,2,FINISHED
2021,202100223,2022-01-06T00:00:00+00:00,23,West Bromwich Albion FC,Aston Villa FC,2,0,FINISHED
2021,202100224,2022-01-05T00:00:00+00:00,23,Arsenal FC,Tottenham Hotspur FC,2,2,FINISHED
2021,202100225,2022-01-03T00:00:00+00:00,23,Everton FC,Burnley FC,4,1,FINISHED
2021,202100226,2022-01-07T00:00:00+00:00,23,Newcastle United FC,Fulham FC,2,1,FINISHED
2021,202100227,2022-01-05T00:00:00+00:00,23,Leeds United FC,Manchester City FC,1,1,FINISHED
2021,202100228,2022-01-05T00:00:00+00:00,23,Wolverhampton Wanderers FC,Southampton FC,2,1,FINISHED
2021,202100229,2022-01-06T00:00:00+00:00,23,Leicester City FC,Liverpool FC,3,1,FINISHED
2021,202100230,2022-01-05T00:00:00+00:00,23,West Ham United FC,Crystal Palace FC,0,1,FINISHED
2021,202100231,2022-01-09T00:00:00+00:00,24,Fulham FC,Liverpool FC,0,0,FINISHED
2021,202100232,2022-01-14T00:00:00+00:00,24,Arsenal FC,AFC Bournemouth,1,1,FINISHED
2021,202100233,2022-01-11T00:00:00+00:00,24,Newcastle United FC,Manchester City FC,4,0,FINISHED
2021,202100234,2022-01-15T00:00:00+00:00,24,Tottenham Hotspur FC,Everton FC,1,2,FINISHED
2021,202100235,2022-01-14T00:00:00+00:00,24,West Ham United FC,Brighton & Hove Albion FC,2,0,FINISHED
2021,202100236,2022-01-14T00:00:00+00:00,24,Manchester United FC,West Bromwich Albion FC,2,1,FINISHED
2021,202100237,2022-01-12T00:00:00+00:00,24,Leeds United FC,Wolverhampton Wanderers FC,3,0,FINISHED
2021,202100238,2022-01-13T00:00:00+00:00,24,Leicester City FC,Chelsea FC,2,0,FINISHED
2021,202100239,2022-01-09T00:00:00+00:00,24,Burnley FC,Southampton FC,1,3,FINISHED
2021,202100240,2022-01-11T00:00:00+00:00,24,Aston Villa FC,Crystal Palace FC,2,0,FINISHED
2021,202100241,2022-01-18T00:00:00+00:00,25,Crystal Palace FC,Chelsea FC,0,2,FINISHED
2021,202100242,2022-01-20T00:00:00+00:00,25,Aston Villa FC,West Bromwich Albion FC,2,1,FINISHED
2021,202100243,2022-01-21T00:00:00+00:00,25,AFC Bournemouth,Manchester City FC,1,2,FINISHED
2021,202100244,2022-01-21T00:00:00+00:00,25,Everton FC,Burnley FC,2,2,FINISHED
2021,202100245,2022-01-22T00:00:00+00:00,25,Fulham FC,West Ham United FC,4,0,FINISHED
2021,202100246,2022-01-16T00:00:00+00:00,25,Southampton FC,Manchester United FC,3,0,FINISHED
2021,202100247,2022-01-16T00:00:00+00:00,25,Arsenal FC,Newcastle United FC,1,1,FINISHED
2021,202100248,2022-01-16T00:00:00+00:00,25,Leicester City FC,Leeds United FC,1,2,FINISHED
2021,202100249,2022-01-18T00:00:00+00:00,25,Wolverhampton Wanderers FC,Tottenham Hotspur FC,1,2,FINISHED
2021,202100250,2022-01-20T00:00:00+00:00,25,Brighton & Hove Albion FC,Liverpool FC,2,2,FINISHED
2021,202100251,2022-01-26T00:00:00+00:00,26,Leeds United FC,Newcastle United FC,1,2,FINISHED
2021,202100252,2022-01-26T00:00:00+00:00,26,Wolverhampton Wanderers FC,AFC Bournemouth,0,1,FINISHED
2021,202100253,2022-01-23T00:00:00+00:00,26,Manchester City FC,Aston Villa FC,2,0,FINISHED
2021,202100254,2022-01-28T00:00:00+00:00,26,Arsenal FC,Liverpool FC,0,3,FINISHED
2021,202100255,2022-01-23T00:00:00+00:00,26,Chelsea FC,Brighton & Hove Albion FC,1,2,FINISHED
2021,202100256,2022-01-29T00:00:00+00:00,26,Tottenham Hotspur FC,Burnley FC,1,0,FINISHED
2021,202100257,2022-01-25T00:00:00+00:00,26,Southampton FC,West Ham United FC,0,4,FINISHED
2021,202100258,2022-01-24T00:00:00+00:00,26,Manchester United FC,Crystal Palace FC,2,0,FINISHED
2021,202100259,2022-01-28T00:00:00+00:00,26,Leicester City FC,Everton FC,0,0,FINISHED
2021,202100260,2022-01-26T00:00:00+00:00,26,West Bromwich Albion FC,Fulham FC,2,2,FINISHED
2021,202100261,2022-02-04T00:00:00+00:00,27,Aston Villa FC,AFC Bournemouth,1,0,FINISHED
2021,202100262,2022-02-03T00:00:00+00:00,27,Brighton & Hove Albion FC,Burnley FC,2,0,FINISHED
2021,202100263,2022-02-01T00:00:00+00:00,27,Chelsea FC,Southampton FC,1,0,FINISHED
2021,202100264,2022-02-04T00:00:00+00:00,27,Arsenal FC,Everton FC,0,2,FINISHED
2021,202100265,2022-02-01T00:00:00+00:00,27,Manchester City FC,Liverpool FC,4,0,FINISHED
2021,202100266,2022-02-03T00:00:00+00:00,27,Tottenham Hotspur FC,Newcastle United FC,0,2,FINISHED
2021,202100267,2022-01-30T00:00:00+00:00,27,Crystal Palace FC,West Bromwich Albion FC,2,0,FINISHED
2021,202100268,2022-02-02T00:00:00+00:00,27,Manchester United FC,West Ham United FC,4,1,FINISHED
2021,202100269,2022-01-31T00:00:00+00:00,27,Wolverhampton Wanderers FC,Leeds United FC,2,1,FINISHED
2021,202100270,2022-01-30T00:00:00+00:00,27,Fulham FC,Leicester City FC,0,2,FINISHED
2021,202100271,2022-02-06T00:00:00+00:00,28,Everton FC,Brighton & Hove Albion FC,2,1,FINISHED
2021,202100272,2022-02-08T00:00:00+00:00,28,Manchester City FC,West Bromwich Albion FC,0,1,FINISHED
2021,202100273,2022-02-07T00:00:00+00:00,28,Aston Villa FC,West Ham United FC,0,1,FINISHED
2021,202100274,2022-02-07T00:00:00+00:00,28,Crystal Palace FC,Burnley FC,4,0,FINISHED
2021,202100275,2022-02-08T00:00:00+00:00,28,Leicester City FC,Arsenal FC,4,0,FINISHED
2021,202100276,2022-02-12T00:00:00+00:00,28,Liverpool FC,Tottenham Hotspur FC,3,0,FINISHED
2021,202100277,2022-02-09T00:00:00+00:00,28,Leeds United FC,AFC Bournemouth,0,2,FINISHED
2021,202100278,2022-02-06T00:00:00+00:00,28,Manchester United FC,Southampton FC,3,0,FINISHED
2021,202100279,2022-02-06T00:00:00+00:00,28,Wolverhampton Wanderers FC,Newcastle United FC,2,1,FINISHED
2021,202100280,2022-02-10T00:00:00+00:00,28,Chelsea FC,Fulham FC,0,0,FINISHED
2021,202100281,2022-02-13T00:00:00+00:00,29,Manchester City FC,Wolverhampton Wanderers FC,0,2,FINISHED
2021,202100282,2022-02-19T00:00:00+00:00,29,Leicester City FC,Chelsea FC,2,1,FINISHED
2021,202100283,2022-02-16T00:00:00+00:00,29,Brighton & Hove Albion FC,West Ham United FC,2,0,FINISHED
2021,202100284,2022-02-17T00:00:00+00:00,29,Aston Villa FC,West Bromwich Albion FC,1,0,FINISHED
2021,202100285,2022-02-16T00:00:00+00:00,29,Burnley FC,AFC Bournemouth,4,0,FINISHED
2021,202100286,2022-02-13T00:00:00+00:00,29,Southampton FC,Arsenal FC,3,1,FINISHED
2021,202100287,2022-02-16T00:00:00+00:00,29,Newcastle United FC,Everton FC,4,1,FINISHED
2021,202100288,2022-02-16T00:00:00+00:00,29,Liverpool FC,Fulham FC,1,2,FINISHED
2021,202100289,2022-02-19T00:00:00+00:00,29,Leeds United FC,Crystal Palace FC,3,1,FINISHED
2021,202100290,2022-02-15T00:00:00+00:00,29,Manchester United FC,Tottenham Hotspur FC,1,2,FINISHED
2021,202100291,2022-02-21T00:00:00+00:00,30,Brighton & Hove Albion FC,Wolverhampton Wanderers FC,0,2,FINISHED
2021,202100292,2022-02-24T00:00:00+00:00,30,Aston Villa FC,Southampton FC,2,2,FINISHED
2021,202100293,2022-02-25T00:00:00+00:00,30,Tottenham Hotspur FC,Fulham FC,0,0,FINISHED
2021,202100294,2022-02-23T00:00:00+00:00,30,Liverpool FC,Chelsea FC,4,1,FINISHED
2021,202100295,2022-02-25T00:00:00+00:00,30,Everton FC,Burnley FC,2,1,FINISHED
2021,202100296,2022-02-24T00:00:00+00:00,30,Manchester United FC,Newcastle United FC,4,0,FINISHED
2021,202100297,2022-02-24T00:00:00+00:00,30,Leicester City FC,West Bromwich Albion FC,4,1,FINISHED
2021,202100298,2022-02-23T00:00:00+00:00,30,Arsenal FC,AFC Bournemouth,3,0,FINISHED
2021,202100299,2022-02-21T00:00:00+00:00,30,Manchester City FC,Crystal Palace FC,2,2,FINISHED
2021,202100300,2022-02-20T00:00:00+00:00,30,West Ham United FC,Leeds United FC,1,3,FINISHED
2021,202100301,2022-03-01T00:00:00+00:00,31,Southampton FC,Fulham FC,2,1,FINISHED
2021,202100302,2022-03-01T00:00:00+00:00,31,Manchester City FC,Liverpool FC,3,1,FINISHED
2021,202100303,2022-02-28T00:00:00+00:00,31,Manchester United FC,Chelsea FC,0,2,FINISHED
2021,202100304,2022-03-01T00:00:00+00:00,31,West Ham United FC,Everton FC,1,1,FINISHED
2021,202100305,2022-02-27T00:00:00+00:00,31,AFC Bournemouth,Aston Villa FC,1,1,FINISHED
2021,202100306,2022-03-05T00:00:00+00:00,31,Crystal Palace FC,Newcastle United FC,2,1,FINISHED
2021,202100307,2022-02-28T00:00:00+00:00,31,Brighton & Hove Albion FC,Tottenham Hotspur FC,4,0,FINISHED
2021,202100308,2022-03-04T00:00:00+00:00,31,Leeds United FC,Burnley FC,4,1,FINISHED
2021,202100309,2022-03-02T00:00:00+00:00,31,West Bromwich Albion FC,Wolverhampton Wanderers FC,3,1,FINISHED
2021,202100310,2022-02-28T00:00:00+00:00,31,Arsenal FC,Leicester City FC,2,0,FINISHED
2021,202100311,2022-03-07T00:00:00+00:00,32,AFC Bournemouth,Aston Villa FC,2,0,FINISHED
2021,202100312,2022-03-09T00:00:00+00:00,32,Everton FC,Wolverhampton Wanderers FC,1,0,FINISHED
2021,202100313,2022-03-10T00:00:00+00:00,32,Newcastle United FC,Fulham FC,3,1,FINISHED
2021,202100314,2022-03-12T00:00:00+00:00,32,Leicester City FC,Liverpool FC,1,2,FINISHED
2021,202100315,2022-03-11T00:00:00+00:00,32,Tottenham Hotspur FC,Burnley FC,0,2,FINISHED
2021,202100316,2022-03-07T00:00:00+00:00,32,Brighton & Hove Albion FC,Southampton FC,4,1,FINISHED
2021,202100317,2022-03-07T00:00:00+00:00,32,Manchester City FC,West Ham United FC,4,1,FINISHED
2021,202100318,2022-03-08T00:00:00+00:00,32,Arsenal FC,Leeds United FC,2,2,FINISHED
2021,202100319,2022-03-12T00:00:00+00:00,32,Manchester United FC,Crystal Palace FC,2,2,FINISHED
2021,202100320,2022-03-09T00:00:00+00:00,32,West Bromwich Albion FC,Chelsea FC,1,2,FINISHED
2021,202100321,2022-03-17T00:00:00+00:00,33,West Ham United FC,Southampton FC,2,1,FINISHED
2021,202100322,2022-03-15T00:00:00+00:00,33,Arsenal FC,Crystal Palace FC,3,1,FINISHED
2021,202100323,2022-03-19T00:00:00+00:00,33,Liverpool FC,Newcastle United FC,1,1,FINISHED
2021,202100324,2022-03-15T00:00:00+00:00,33,Burnley FC,Tottenham Hotspur FC,3,1,FINISHED
2021,202100325,2022-03-13T00:00:00+00:00,33,Leeds United FC,West Bromwich Albion FC,3,0,FINISHED
2021,202100326,2022-03-19T00:00:00+00:00,33,AFC Bournemouth,Leicester City FC,1,2,FINISHED
2021,202100327,2022-03-19T00:00:00+00:00,33,Manchester City FC,Aston Villa FC,0,0,FINISHED
2021,202100328,2022-03-19T00:00:00+00:00,33,Everton FC,Fulham FC,2,2,FINISHED
2021,202100329,2022-03-13T00:00:00+00:00,33,Chelsea FC,Manchester United FC,1,0,FINISHED
2021,202100330,2022-03-17T00:00:00+00:00,33,Wolverhampton Wanderers FC,Brighton & Hove Albion FC,3,1,FINISHED
2021,202100331,2022-03-24T00:00:00+00:00,34,Fulham FC,Newcastle United FC,2,0,FINISHED
2021,202100332,2022-03-24T00:00:00+00:00,34,West Ham United FC,West Bromwich Albion FC,4,1,FINISHED
2021,202100333,2022-03-25T00:00:00+00:00,34,Tottenham Hotspur FC,Liverpool FC,2,0,FINISHED
2021,202100334,2022-03-20T00:00:00+00:00,34,Crystal Palace FC,Southampton FC,2,2,FINISHED
2021,202100335,2022-03-26T00:00:00+00:00,34,Wolverhampton Wanderers FC,Aston Villa FC,0,0,FINISHED
2021,202100336,2022-03-20T00:00:00+00:00,34,Brighton & Hove Albion FC,Burnley FC,0,1,FINISHED
2021,202100337,2022-03-26T00:00:00+00:00,34,Leeds United FC,Leicester City FC,1,0,FINISHED
2021,202100338,2022-03-25T00:00:00+00:00,34,Everton FC,Chelsea FC,0,1,FINISHED
2021,202100339,2022-03-21T00:00:00+00:00,34,Manchester City FC,AFC Bournemouth,2,2,FINISHED
2021,202100340,2022-03-26T00:00:00+00:00,34,Manchester United FC,Arsenal FC,3,1,FINISHED
2021,202100341,2022-03-28T00:00:00+00:00,35,Crystal Palace FC,Manchester City FC,1,2,FINISHED
2021,202100342,2022-03-28T00:00:00+00:00,35,Brighton & Hove Albion FC,Aston Villa FC,3,0,FINISHED
2021,202100343,2022-03-29T00:00:00+00:00,35,Everton FC,Newcastle United FC,1,2,FINISHED
2021,202100344,2022-03-30T00:00:00+00:00,35,Manchester United FC,West Ham United FC,3,0,FINISHED
2021,202100345,2022-04-01T00:00:00+00:00,35,Leicester City FC,Leeds United FC,2,2,FINISHED
2021,202100346,2022-03-28T00:00:00+00:00,35,Fulham FC,Wolverhampton Wanderers FC,0,2,FINISHED
2021,202100347,2022-03-31T00:00:00+00:00,35,Southampton FC,Tottenham Hotspur FC,2,1,FINISHED
2021,202100348,2022-03-30T00:00:00+00:00,35,West Bromwich Albion FC,Burnley FC,0,1,FINISHED
2021,202100349,2022-03-31T00:00:00+00:00,35,AFC Bournemouth,Chelsea FC,2,1,FINISHED
2021,202100350,2022-04-01T00:00:00+00:00,35,Liverpool FC,Arsenal FC,2,1,FINISHED
2021,202100351,2022-04-05T00:00:00+00:00,36,Manchester City FC,Southampton FC,4,0,FINISHED
2021,202100352,2022-04-08T00:00:00+00:00,36,West Bromwich Albion FC,Everton FC,3,0,FINISHED
2021,202100353,2022-04-05T00:00:00+00:00,36,Chelsea FC,Tottenham Hotspur FC,4,1,FINISHED
2021,202100354,2022-04-05T00:00:00+00:00,36,Aston Villa FC,Burnley FC,4,1,FINISHED
2021,202100355,2022-04-09T00:00:00+00:00,36,Crystal Palace FC,Fulham FC,4,0,FINISHED
2021,202100356,2022-04-06T00:00:00+00:00,36,AFC Bournemouth,Liverpool FC,2,0,FINISHED
2021,202100357,2022-04-07T00:00:00+00:00,36,Manchester United FC,Leicester City FC,2,0,FINISHED
2021,202100358,2022-04-05T00:00:00+00:00,36,Brighton & Hove Albion FC,West Ham United FC,0,1,FINISHED
2021,202100359,2022-04-04T00:00:00+00:00,36,Newcastle United FC,Arsenal FC,0,2,FINISHED
2021,202100360,2022-04-08T00:00:00+00:00,36,Wolverhampton Wanderers FC,Leeds United FC,0,1,FINISHED
2021,202100361,2022-04-10T00:00:00+00:00,37,Fulham FC,Burnley FC,2,1,FINISHED
2021,202100362,2022-04-16T00:00:00+00:00,37,Manchester City FC,Tottenham Hotspur FC,2,1,FINISHED
2021,202100363,2022-04-11T00:00:00+00:00,37,West Bromwich Albion FC,Everton FC,3,0,FINISHED
2021,202100364,2022-04-13T00:00:00+00:00,37,Newcastle United FC,Liverpool FC,4,0,FINISHED
2021,202100365,2022-04-14T00:00:00+00:00,37,Aston Villa FC,Wolverhampton Wanderers FC,1,2,FINISHED
2021,202100366,2022-04-12T00:00:00+00:00,37,Southampton FC,West Ham United FC,1,0,FINISHED
2021,202100367,2022-04-16T00:00:00+00:00,37,Brighton & Hove Albion FC,Leicester City FC,0,3,FINISHED
2021,202100368,2022-04-15T00:00:00+00:00,37,Leeds United FC,Chelsea FC,2,0,FINISHED
2021,202100369,2022-04-13T00:00:00+00:00,37,Manchester United FC,Crystal Palace FC,4,1,FINISHED
2021,202100370,2022-04-12T00:00:00+00:00,37,Arsenal FC,AFC Bournemouth,3,1,FINISHED
2021,202100371,2022-04-18T00:00:00+00:00,38,Brighton & Hove Albion FC,Liverpool FC,4,1,FINISHED
2021,202100372,2022-04-22T00:00:00+00:00,38,Southampton FC,Wolverhampton Wanderers FC,2,0,FINISHED
2021,202100373,2022-04-21T00:00:00+00:00,38,Fulham FC,Manchester City FC,2,1,FINISHED
2021,202100374,2022-04-18T00:00:00+00:00,38,Arsenal FC,Aston Villa FC,3,0,FINISHED
2021,202100375,2022-04-19T00:00:00+00:00,38,West Bromwich Albion FC,Tottenham Hotspur FC,4,1,FINISHED
2021,202100376,2022-04-23T00:00:00+00:00,38,Manchester United FC,Burnley FC,2,1,FINISHED
2021,202100377,2022-04-22T00:00:00+00:00,38,Crystal Palace FC,Everton FC,3,0,FINISHED
2021,202100378,2022-04-22T00:00:00+00:00,38,West Ham United FC,Leicester City FC,1,1,FINISHED
2021,202100379,2022-04-21T00:00:00+00:00,38,Leeds United FC,Chelsea FC,1,0,FINISHED
2021,202100380,2022-04-18T00:00:00+00:00,38,Newcastle United FC,AFC Bournemouth,3,0,FINISHED
2020,202000001,2020-08-06T00:00:00+00:00,1,Everton FC,Liverpool FC,3,1,FINISHED
2020,202000002,2020-08-05T00:00:00+00:00,1,Arsenal FC,Leicester City FC,1,0,FINISHED
2020,202000003,2020-08-01T00:00:00+00:00,1,Aston Villa FC,Leeds United FC,2,0,FINISHED
2020,202000004,2020-08-03T00:00:00+00:00,1,Newcastle United FC,Crystal Palace FC,1,0,FINISHED
2020,202000005,2020-08-05T00:00:00+00:00,1,Burnley FC,Manchester City FC,0,1,FINISHED
2020,202000006,2020-08-02T00:00:00+00:00,1,West Bromwich Albion FC,Tottenham Hotspur FC,2,0,FINISHED
2020,202000007,2020-08-02T00:00:00+00:00,1,West Ham United FC,Chelsea FC,1,3,FINISHED
2020,202000008,2020-08-01T00:00:00+00:00,1,Fulham FC,Sheffield United FC,2,1,FINISHED
2020,202000009,2020-08-05T00:00:00+00:00,1,Manchester United FC,Wolverhampton Wanderers FC,1,2,FINISHED
2020,202000010,2020-08-06T00:00:00+00:00,1,Southampton FC,Brighton & Hove Albion FC,4,1,FINISHED
2020,202000011,2020-08-08T00:00:00+00:00,2,Leicester City FC,Manchester City FC,1,4,FINISHED
2020,202000012,2020-08-08T00:00:00+00:00,2,Wolverhampton Wanderers FC,West Bromwich Albion FC,3,1,FINISHED
2020,202000013,2020-08-13T00:00:00+00:00,2,Southampton FC,Tottenham Hotspur FC,2,1,FINISHED
2020,202000014,2020-08-09T00:00:00+00:00,2,Arsenal FC,Sheffield United FC,4,1,FINISHED
2020,202000015,2020-08-08T00:00:00+00:00,2,Leeds United FC,Burnley FC,2,0,FINISHED
2020,202000016,2020-08-14T00:00:00+00:00,2,Manchester United FC,Fulham FC,2,1,FINISHED
2020,202000017,2020-08-13T00:00:00+00:00,2,Crystal Palace FC,West Ham United FC,2,0,FINISHED
2020,202000018,2020-08-08T00:00:00+00:00,2,Everton FC,Chelsea FC,0,2,FINISHED
2020,202000019,2020-08-08T00:00:00+00:00,2,Newcastle United FC,Liverpool FC,2,2,FINISHED
2020,202000020,2020-08-10T00:00:00+00:00,2,Aston Villa FC,Brighton & Hove Albion FC,0,0,FINISHED
2020,202000021,2020-08-19T00:00:00+00:00,3,Newcastle United FC,Fulham FC,2,0,FINISHED
2020,202000022,2020-08-17T00:00:00+00:00,3,Burnley FC,Leeds United FC,2,0,FINISHED
2020,202000023,2020-08-17T00:00:00+00:00,3,Chelsea FC,Sheffield United FC,2,1,FINISHED
2020,202000024,2020-08-16T00:00:00+00:00,3,Wolverhampton Wanderers FC,Liverpool FC,1,0,FINISHED
2020,202000025,2020-08-21T00:00:00+00:00,3,Everton FC,Arsenal FC,3,0,FINISHED
2020,202000026,2020-08-19T00:00:00+00:00,3,Crystal Palace FC,West Ham United FC,2,1,FINISHED
2020,202000027,2020-08-20T00:00:00+00:00,3,Aston Villa FC,Leicester City FC,1,1,FINISHED
2020,202000028,2020-08-17T00:00:00+00:00,3,Southampton FC,Brighton & Hove Albion FC,1,0,FINISHED
2020,202000029,2020-08-15T00:00:00+00:00,3,West Bromwich Albion FC,Manchester City FC,0,2,FINISHED
2020,202000030,2020-08-17T00:00:00+00:00,3,Tottenham Hotspur FC,Manchester United FC,0,2,FINISHED
2020,202000031,2020-08-23T00:00:00+00:00,4,Brighton & Hove Albion FC,West Ham United FC,0,1,FINISHED
2020,202000032,2020-08-25T00:00:00+00:00,4,Everton FC,Fulham FC,2,0,FINISHED
2020,202000033,2020-08-24T00:00:00+00:00,4,Arsenal FC,Wolverhampton Wanderers FC,2,1,FINISHED
2020,202000034,2020-08-28T00:00:00+00:00,4,Aston Villa FC,West Bromwich Albion FC,1,0,FINISHED
2020,202000035,2020-08-25T00:00:00+00:00,4,Leicester City FC,Burnley FC,0,1,FINISHED
2020,202000036,2020-08-25T00:00:00+00:00,4,Leeds United FC,Liverpool FC,0,0,FINISHED
2020,202000037,2020-08-24T00:00:00+00:00,4,Manchester United FC,Chelsea FC,2,0,FINISHED
2020,202000038,2020-08-24T00:00:00+00:00,4,Southampton FC,Newcastle United FC,0,0,FINISHED
2020,202000039,2020-08-28T00:00:00+00:00,4,Tottenham Hotspur FC,Crystal Palace FC,3,1,FINISHED
2020,202000040,2020-08-28T00:00:00+00:00,4,Manchester City FC,Sheffield United FC,0,2,FINISHED
2020,202000041,2020-09-04T00:00:00+00:00,5,West Bromwich Albion FC,Manchester City FC,2,0,FINISHED
2020,202000042,2020-09-03T00:00:00+00:00,5,Liverpool FC,Tottenham Hotspur FC,0,1,FINISHED
2020,202000043,2020-08-31T00:00:00+00:00,5,Newcastle United FC,West Ham United FC,1,0,FINISHED
2020,202000044,2020-09-02T00:00:00+00:00,5,Arsenal FC,Aston Villa FC,4,0,FINISHED
2020,202000045,2020-09-03T00:00:00+00:00,5,Fulham FC,Crystal Palace FC,2,1,FINISHED
2020,202000046,2020-09-01T00:00:00+00:00,5,Leeds United FC,Manchester United FC,2,1,FINISHED
2020,202000047,2020-09-04T00:00:00+00:00,5,Leicester City FC,Burnley FC,3,0,FINISHED
2020,202000048,2020-09-01T00:00:00+00:00,5,Chelsea FC,Everton FC,1,1,FINISHED
2020,202000049,2020-09-04T00:00:00+00:00,5,Brighton & Hove Albion FC,Wolverhampton Wanderers FC,2,1,FINISHED
2020,202000050,2020-08-30T00:00:00+00:00,5,Sheffield United FC,Southampton FC,3,0,FINISHED
2020,202000051,2020-09-09T00:00:00+00:00,6,West Bromwich Albion FC,Everton FC,4,0,FINISHED
2020,202000052,2020-09-05T00:00:00+00:00,6,Aston Villa FC,Brighton & Hove Albion FC,2,1,FINISHED
2020,202000053,2020-09-09T00:00:00+00:00,6,Leeds United FC,Wolverhampton Wanderers FC,2,1,FINISHED
2020,202000054,2020-09-08T00:00:00+00:00,6,Crystal Palace FC,West Ham United FC,2,1,FINISHED
2020,202000055,2020-09-09T00:00:00+00:00,6,Fulham FC,Leicester City FC,0,2,FINISHED
2020,202000056,2020-09-08T00:00:00+00:00,6,Burnley FC,Sheffield United FC,0,2,FINISHED
2020,202000057,2020-09-07T00:00:00+00:00,6,Tottenham Hotspur FC,Newcastle United FC,2,2,FINISHED
2020,202000058,2020-09-07T00:00:00+00:00,6,Southampton FC,Manchester City FC,2,2,FINISHED
2020,202000059,2020-09-08T00:00:00+00:00,6,Manchester United FC,Chelsea FC,2,2,FINISHED
2020,202000060,2020-09-05T00:00:00+00:00,6,Arsenal FC,Liverpool FC,1,2,FINISHED
2020,202000061,2020-09-18T00:00:00+00:00,7,Chelsea FC,Aston Villa FC,2,1,FINISHED
2020,202000062,2020-09-18T00:00:00+00:00,7,Liverpool FC,Southampton FC,0,3,FINISHED
2020,202000063,2020-09-17T00:00:00+00:00,7,Manchester City FC,Brighton & Hove Albion FC,0,4,FINISHED
2020,202000064,2020-09-17T00:00:00+00:00,7,Manchester United FC,Burnley FC,3,1,FINISHED
2020,202000065,2020-09-18T00:00:00+00:00,7,Wolverhampton Wanderers FC,Crystal Palace FC,0,3,FINISHED
2020,202000066,2020-09-14T00:00:00+00:00,7,Arsenal FC,Leeds United FC,3,0,FINISHED
2020,202000067,2020-09-17T00:00:00+00:00,7,Everton FC,West Bromwich Albion FC,4,0,FINISHED
2020,202000068,2020-09-12T00:00:00+00:00,7,Tottenham Hotspur FC,Sheffield United FC,2,0,FINISHED
2020,202000069,2020-09-13T00:00:00+00:00,7,Leicester City FC,West Ham United FC,4,0,FINISHED
2020,202000070,2020-09-14T00:00:00+00:00,7,Newcastle United FC,Fulham FC,2,0,FINISHED
2020,202000071,2020-09-21T00:00:00+00:00,8,Crystal Palace FC,West Bromwich Albion FC,1,2,FINISHED
2020,202000072,2020-09-22T00:00:00+00:00,8,Tottenham Hotspur FC,Wolverhampton Wanderers FC,2,1,FINISHED
2020,202000073,2020-09-25T00:00:00+00:00,8,Liverpool FC,Brighton & Hove Albion FC,1,1,FINISHED
2020,202000074,2020-09-25T00:00:00+00:00,8,Southampton FC,Leicester City FC,3,1,FINISHED
2020,202000075,2020-09-21T00:00:00+00:00,8,Leeds United FC,West Ham United FC,2,2,FINISHED
2020,202000076,2020-09-20T00:00:00+00:00,8,Burnley FC,Everton FC,0,2,FINISHED
2020,202000077,2020-09-20T00:00:00+00:00,8,Newcastle United FC,Arsenal FC,2,0,FINISHED
2020,202000078,2020-09-20T00:00:00+00:00,8,Chelsea FC,Manchester United FC,1,2,FINISHED
2020,202000079,2020-09-25T00:00:00+00:00,8,Fulham FC,Aston Villa FC,2,2,FINISHED
2020,202000080,2020-09-19T00:00:00+00:00,8,Sheffield United FC,Manchester City FC,3,1,FINISHED
2020,202000081,2020-09-28T00:00:00+00:00,9,Southampton FC,Manchester City FC,3,1,FINISHED
2020,202000082,2020-09-28T00:00:00+00:00,9,Arsenal FC,Brighton & Hove Albion FC,2,2,FINISHED
2020,202000083,2020-09-27T00:00:00+00:00,9,Fulham FC,Leicester City FC,0,0,FINISHED
2020,202000084,2020-09-28T00:00:00+00:00,9,West Bromwich Albion FC,Newcastle United FC,1,0,FINISHED
2020,202000085,2020-09-28T00:00:00+00:00,9,Aston Villa FC,Leeds United FC,4,0,FINISHED
2020,202000086,2020-10-02T00:00:00+00:00,9,Burnley FC,Tottenham Hotspur FC,0,0,FINISHED
2020,202000087,2020-09-28T00:00:00+00:00,9,Sheffield United FC,Everton FC,3,1,FINISHED
2020,202000088,2020-09-28T00:00:00+00:00,9,West Ham United FC,Crystal Palace FC,2,0,FINISHED
2020,202000089,2020-09-26T00:00:00+00:00,9,Wolverhampton Wanderers FC,Liverpool FC,1,1,FINISHED
2020,202000090,2020-09-27T00:00:00+00:00,9,Chelsea FC,Manchester United FC,0,3,FINISHED
2020,202000091,2020-10-07T00:00:00+00:00,10,Southampton FC,Chelsea FC,0,3,FINISHED
2020,202000092,2020-10-08T00:00:00+00:00,10,Liverpool FC,Manchester City FC,3,1,FINISHED
2020,202000093,2020-10-09T00:00:00+00:00,10,Leicester City FC,Fulham FC,2,1,FINISHED
2020,202000094,2020-10-08T00:00:00+00:00,10,Sheffield United FC,Everton FC,2,0,FINISHED
2020,202000095,2020-10-03T00:00:00+00:00,10,Newcastle United FC,Manchester United FC,1,2,FINISHED
2020,202000096,2020-10-03T00:00:00+00:00,10,West Ham United FC,Brighton & Hove Albion FC,2,0,FINISHED
2020,202000097,2020-10-08T00:00:00+00:00,10,Burnley FC,Wolverhampton Wanderers FC,2,0,FINISHED
2020,202000098,2020-10-07T00:00:00+00:00,10,Leeds United FC,Tottenham Hotspur FC,2,0,FINISHED
2020,202000099,2020-10-09T00:00:00+00:00,10,West Bromwich Albion FC,Arsenal FC,0,3,FINISHED
2020,202000100,2020-10-09T00:00:00+00:00,10,Crystal Palace FC,Aston Villa FC,1,1,FINISHED
2020,202000101,2020-10-15T00:00:00+00:00,11,Wolverhampton Wanderers FC,Tottenham Hotspur FC,0,3,FINISHED
2020,202000102,2020-10-10T00:00:00+00:00,11,Aston Villa FC,Burnley FC,3,1,FINISHED
2020,202000103,2020-10-16T00:00:00+00:00,11,West Bromwich Albion FC,Chelsea FC,0,4,FINISHED
2020,202000104,2020-10-14T00:00:00+00:00,11,Newcastle United FC,Arsenal FC,3,0,FINISHED
2020,202000105,2020-10-15T00:00:00+00:00,11,West Ham United FC,Leeds United FC,2,2,FINISHED
2020,202000106,2020-10-16T00:00:00+00:00,11,Leicester City FC,Manchester City FC,2,1,FINISHED
2020,202000107,2020-10-15T00:00:00+00:00,11,Everton FC,Sheffield United FC,4,1,FINISHED
2020,202000108,2020-10-12T00:00:00+00:00,11,Liverpool FC,Southampton FC,2,1,FINISHED
2020,202000109,2020-10-11T00:00:00+00:00,11,Manchester United FC,Fulham FC,2,0,FINISHED
2020,202000110,2020-10-15T00:00:00+00:00,11,Brighton & Hove Albion FC,Crystal Palace FC,1,0,FINISHED
2020,202000111,2020-10-17T00:00:00+00:00,12,Chelsea FC,Manchester United FC,2,0,FINISHED
2020,202000112,2020-10-19T00:00:00+00:00,12,Liverpool FC,Fulham FC,4,1,FINISHED
2020,202000113,2020-10-22T00:00:00+00:00,12,Burnley FC,Everton FC,1,2,FINISHED
2020,202000114,2020-10-18T00:00:00+00:00,12,West Bromwich Albion FC,Sheffield United FC,4,0,FINISHED
2020,202000115,2020-10-18T00:00:00+00:00,12,Newcastle United FC,Leeds United FC,1,4,FINISHED
2020,202000116,2020-10-19T00:00:00+00:00,12,Crystal Palace FC,Arsenal FC,2,0,FINISHED
2020,202000117,2020-10-21T00:00:00+00:00,12,Tottenham Hotspur FC,Southampton FC,4,1,FINISHED
2020,202000118,2020-10-19T00:00:00+00:00,12,Leicester City FC,Wolverhampton Wanderers FC,0,2,FINISHED
2020,202000119,2020-10-20T00:00:00+00:00,12,Aston Villa FC,West Ham United FC,2,1,FINISHED
2020,202000120,2020-10-17T00:00:00+00:00,12,Manchester City FC,Brighton & Hove Albion FC,3,1,FINISHED
2020,202000121,2020-10-25T00:00:00+00:00,13,Chelsea FC,Burnley FC,1,3,FINISHED
2020,202000122,2020-10-27T00:00:00+00:00,13,Brighton & Hove Albion FC,Wolverhampton Wanderers FC,4,1,FINISHED
2020,202000123,2020-10-25T00:00:00+00:00,13,Everton FC,Newcastle United FC,2,1,FINISHED
2020,202000124,2020-10-26T00:00:00+00:00,13,West Bromwich Albion FC,Sheffield United FC,0,0,FINISHED
2020,202000125,2020-10-30T00:00:00+00:00,13,West Ham United FC,Tottenham Hotspur FC,2,0,FINISHED
2020,202000126,2020-10-26T00:00:00+00:00,13,Arsenal FC,Crystal Palace FC,3,1,FINISHED
2020,202000127,2020-10-25T00:00:00+00:00,13,Leeds United FC,Fulham FC,2,2,FINISHED
2020,202000128,2020-10-24T00:00:00+00:00,13,Liverpool FC,Manchester City FC,1,1,FINISHED
2020,202000129,2020-10-28T00:00:00+00:00,13,Leicester City FC,Southampton FC,0,0,FINISHED
2020,202000130,2020-10-26T00:00:00+00:00,13,Aston Villa FC,Manchester United FC,2,1,FINISHED
2020,202000131,2020-11-04T00:00:00+00:00,14,Fulham FC,Leeds United FC,3,0,FINISHED
2020,202000132,2020-11-06T00:00:00+00:00,14,Manchester City FC,Newcastle United FC,2,1,FINISHED
2020,202000133,2020-10-31T00:00:00+00:00,14,West Bromwich Albion FC,Everton FC,4,1,FINISHED
2020,202000134,2020-11-03T00:00:00+00:00,14,Southampton FC,Arsenal FC,0,2,FINISHED
2020,202000135,2020-11-04T00:00:00+00:00,14,Burnley FC,Aston Villa FC,2,0,FINISHED
2020,202000136,2020-11-06T00:00:00+00:00,14,West Ham United FC,Sheffield United FC,4,1,FINISHED
2020,202000137,2020-11-01T00:00:00+00:00,14,Tottenham Hotspur FC,Brighton & Hove Albion FC,0,0,FINISHED
2020,202000138,2020-11-03T00:00:00+00:00,14,Manchester United FC,Chelsea FC,1,2,FINISHED
2020,202000139,2020-10-31T00:00:00+00:00,14,Liverpool FC,Wolverhampton Wanderers FC,3,1,FINISHED
2020,202000140,2020-11-03T00:00:00+00:00,14,Crystal Palace FC,Leicester City FC,1,3,FINISHED
2020,202000141,2020-11-13T00:00:00+00:00,15,Manchester United FC,Newcastle United FC,4,0,FINISHED
2020,202000142,2020-11-13T00:00:00+00:00,15,Southampton FC,Tottenham Hotspur FC,1,1,FINISHED
2020,202000143,2020-11-13T00:00:00+00:00,15,West Ham United FC,Manchester City FC,2,0,FINISHED
2020,202000144,2020-11-08T00:00:00+00:00,15,West Bromwich Albion FC,Crystal Palace FC,2,1,FINISHED
2020,202000145,2020-11-13T00:00:00+00:00,15,Aston Villa FC,Leeds United FC,0,1,FINISHED
2020,202000146,2020-11-08T00:00:00+00:00,15,Chelsea FC,Fulham FC,4,0,FINISHED
2020,202000147,2020-11-09T00:00:00+00:00,15,Wolverhampton Wanderers FC,Liverpool FC,2,0,FINISHED
2020,202000148,2020-11-07T00:00:00+00:00,15,Burnley FC,Brighton & Hove Albion FC,3,0,FINISHED
2020,202000149,2020-11-11T00:00:00+00:00,15,Everton FC,Sheffield United FC,1,2,FINISHED
2020,202000150,2020-11-12T00:00:00+00:00,15,Leicester City FC,Arsenal FC,1,2,FINISHED
2020,202000151,2020-11-18T00:00:00+00:00,16,Newcastle United FC,Manchester United FC,2,1,FINISHED
2020,202000152,2020-11-14T00:00:00+00:00,16,Tottenham Hotspur FC,Southampton FC,2,2,FINISHED
2020,202000153,2020-11-16T00:00:00+00:00,16,Chelsea FC,West Ham United FC,0,0,FINISHED
2020,202000154,2020-11-18T00:00:00+00:00,16,Liverpool FC,Leicester City FC,2,2,FINISHED
2020,202000155,2020-11-19T00:00:00+00:00,16,Everton FC,Fulham FC,0,1,FINISHED
2020,202000156,2020-11-20T00:00:00+00:00,16,Aston Villa FC,Arsenal FC,4,1,FINISHED
2020,202000157,2020-11-15T00:00:00+00:00,16,Burnley FC,West Bromwich Albion FC,1,3,FINISHED
2020,202000158,2020-11-18T00:00:00+00:00,16,Brighton & Hove Albion FC,Wolverhampton Wanderers FC,1,0,FINISHED
2020,202000159,2020-11-14T00:00:00+00:00,16,Sheffield United FC,Manchester City FC,2,0,FINISHED
2020,202000160,2020-11-14T00:00:00+00:00,16,Crystal Palace FC,Leeds United FC,0,4,FINISHED
2020,202000161,2020-11-26T00:00:00+00:00,17,Manchester United FC,Tottenham Hotspur FC,0,2,FINISHED
2020,202000162,2020-11-24T00:00:00+00:00,17,Arsenal FC,West Ham United FC,2,2,FINISHED
2020,202000163,2020-11-27T00:00:00+00:00,17,Sheffield United FC,West Bromwich Albion FC,2,1,FINISHED
2020,202000164,2020-11-26T00:00:00+00:00,17,Newcastle United FC,Brighton & Hove Albion FC,3,0,FINISHED
2020,202000165,2020-11-25T00:00:00+00:00,17,Liverpool FC,Leicester City FC,2,2,FINISHED
2020,202000166,2020-11-25T00:00:00+00:00,17,Southampton FC,Burnley FC,2,0,FINISHED
2020,202000167,2020-11-26T00:00:00+00:00,17,Chelsea FC,Everton FC,2,1,FINISHED
2020,202000168,2020-11-21T00:00:00+00:00,17,Wolverhampton Wanderers FC,Aston Villa FC,2,1,FINISHED
2020,202000169,2020-11-27T00:00:00+00:00,17,Crystal Palace FC,Leeds United FC,2,2,FINISHED
2020,202000170,2020-11-21T00:00:00+00:00,17,Fulham FC,Manchester City FC,3,0,FINISHED
2020,202000171,2020-11-28T00:00:00+00:00,18,Newcastle United FC,Leicester City FC,2,1,FINISHED
2020,202000172,2020-11-29T00:00:00+00:00,18,Aston Villa FC,Southampton FC,4,0,FINISHED
2020,202000173,2020-11-29T00:00:00+00:00,18,Crystal Palace FC,Liverpool FC,2,2,FINISHED
2020,202000174,2020-11-28T00:00:00+00:00,18,Fulham FC,Arsenal FC,1,3,FINISHED
2020,202000175,2020-12-03T00:00:00+00:00,18,Everton FC,Brighton & Hove Albion FC,2,0,FINISHED
2020,202000176,2020-12-01T00:00:00+00:00,18,Tottenham Hotspur FC,Manchester City FC,4,0,FINISHED
2020,202000177,2020-12-01T00:00:00+00:00,18,Leeds United FC,Sheffield United FC,0,3,FINISHED
2020,202000178,2020-12-03T00:00:00+00:00,18,West Ham United FC,Manchester United FC,0,2,FINISHED
2020,202000179,2020-12-02T00:00:00+00:00,18,Burnley FC,Wolverhampton Wanderers FC,0,1,FINISHED
2020,202000180,2020-11-29T00:00:00+00:00,18,Chelsea FC,West Bromwich Albion FC,2,2,FINISHED
2020,202000181,2020-12-10T00:00:00+00:00,19,Southampton FC,Wolverhampton Wanderers FC,3,0,FINISHED
2020,202000182,2020-12-06T00:00:00+00:00,19,Arsenal FC,Chelsea FC,3,0,FINISHED
2020,202000183,2020-12-10T00:00:00+00:00,19,Everton FC,Crystal Palace FC,0,0,FINISHED
2020,202000184,2020-12-10T00:00:00+00:00,19,Manchester United FC,Leeds United FC,0,1,FINISHED
2020,202000185,2020-12-05T00:00:00+00:00,19,Newcastle United FC,Sheffield United FC,3,0,FINISHED
2020,202000186,2020-12-06T00:00:00+00:00,19,Manchester City FC,Fulham FC,0,2,FINISHED
2020,202000187,2020-12-07T00:00:00+00:00,19,Brighton & Hove Albion FC,West Bromwich Albion FC,0,2,FINISHED
2020,202000188,2020-12-09T00:00:00+00:00,19,Leicester City FC,Liverpool FC,0,1,FINISHED
2020,202000189,2020-12-06T00:00:00+00:00,19,Burnley FC,Tottenham Hotspur FC,0,2,FINISHED
2020,202000190,2020-12-09T00:00:00+00:00,19,West Ham United FC,Aston Villa FC,1,2,FINISHED
2020,202000191,2020-12-17T00:00:00+00:00,20,Newcastle United FC,Manchester United FC,4,0,FINISHED
2020,202000192,2020-12-16T00:00:00+00:00,20,Arsenal FC,Wolverhampton Wanderers FC,0,1,FINISHED
2020,202000193,2020-12-14T00:00:00+00:00,20,Sheffield United FC,Burnley FC,2,2,FINISHED
2020,202000194,2020-12-16T00:00:00+00:00,20,Brighton & Hove Albion FC,Aston Villa FC,1,4,FINISHED
2020,202000195,2020-12-17T00:00:00+00:00,20,Fulham FC,West Bromwich Albion FC,2,1,FINISHED
2020,202000196,2020-12-15T00:00:00+00:00,20,Manchester City FC,Crystal Palace FC,4,0,FINISHED
2020,202000197,2020-12-13T00:00:00+00:00,20,Leicester City FC,Chelsea FC,1,4,FINISHED
2020,202000198,2020-12-15T00:00:00+00:00,20,Leeds United FC,Everton FC,0,2,FINISHED
2020,202000199,2020-12-13T00:00:00+00:00,20,West Ham United FC,Tottenham Hotspur FC,0,1,FINISHED
2020,202000200,2020-12-13T00:00:00+00:00,20,Liverpool FC,Southampton FC,0,4,FINISHED
2020,202000201,2020-12-19T00:00:00+00:00,21,Crystal Palace FC,Leeds United FC,1,2,FINISHED
2020,202000202,2020-12-20T00:00:00+00:00,21,Aston Villa FC,Manchester City FC,2,0,FINISHED
2020,202000203,2020-12-25T00:00:00+00:00,21,Fulham FC,Leicester City FC,2,1,FINISHED
2020,202000204,2020-12-23T00:00:00+00:00,21,Burnley FC,Newcastle United FC,0,2,FINISHED
2020,202000205,2020-12-19T00:00:00+00:00,21,Everton FC,Arsenal FC,4,0,FINISHED
2020,202000206,2020-12-23T00:00:00+00:00,21,West Bromwich Albion FC,Chelsea FC,0,0,FINISHED
2020,202000207,2020-12-19T00:00:00+00:00,21,Tottenham Hotspur FC,Brighton & Hove Albion FC,3,0,FINISHED
2020,202000208,2020-12-24T00:00:00+00:00,21,Liverpool FC,Southampton FC,2,0,FINISHED
2020,202000209,2020-12-20T00:00:00+00:00,21,Wolverhampton Wanderers FC,West Ham United FC,2,1,FINISHED
2020,202000210,2020-12-21T00:00:00+00:00,21,Sheffield United FC,Manchester United FC,0,0,FINISHED
2020,202000211,2021-01-01T00:00:00+00:00,22,Everton FC,Newcastle United FC,2,1,FINISHED
2020,202000212,2020-12-30T00:00:00+00:00,22,Southampton FC,West Bromwich Albion FC,4,0,FINISHED
2020,202000213,2021-01-01T00:00:00+00:00,22,Leicester City FC,Manchester City FC,3,0,FINISHED
2020,202000214,2020-12-28T00:00:00+00:00,22,Crystal Palace FC,Arsenal FC,2,0,FINISHED
2020,202000215,2020-12-31T00:00:00+00:00,22,Manchester United FC,West Ham United FC,4,1,FINISHED
2020,202000216,2020-12-26T00:00:00+00:00,22,Burnley FC,Wolverhampton Wanderers FC,1,0,FINISHED
2020,202000217,2020-12-27T00:00:00+00:00,22,Liverpool FC,Fulham FC,2,1,FINISHED
2020,202000218,2020-12-27T00:00:00+00:00,22,Sheffield United FC,Leeds United FC,2,1,FINISHED
2020,202000219,2020-12-26T00:00:00+00:00,22,Tottenham Hotspur FC,Aston Villa FC,1,2,FINISHED
2020,202000220,2020-12-26T00:00:00+00:00,22,Chelsea FC,Brighton & Hove Albion FC,0,2,FINISHED
2020,202000221,2021-01-06T00:00:00+00:00,23,Leicester City FC,Sheffield United FC,4,0,FINISHED
2020,202000222,2021-01-08T00:00:00+00:00,23,Crystal Palace FC,Everton FC,0,0,FINISHED
2020,202000223,2021-01-02T00:00:00+00:00,23,West Bromwich Albion FC,Arsenal FC,0,1,FINISHED
2020,202000224,2021-01-05T00:00:00+00:00,23,Chelsea FC,Manchester City FC,1,2,FINISHED
2020,202000225,2021-01-04T00:00:00+00:00,23,Southampton FC,Newcastle United FC,3,0,FINISHED
2020,202000226,2021-01-08T00:00:00+00:00,23,Fulham FC,Liverpool FC,1,2,FINISHED
2020,202000227,2021-01-02T00:00:00+00:00,23,West Ham United FC,Aston Villa FC,2,0,FINISHED
2020,202000228,2021-01-05T00:00:00+00:00,23,Burnley FC,Leeds United FC,2,1,FINISHED
2020,202000229,2021-01-04T00:00:00+00:00,23,Tottenham Hotspur FC,Manchester United FC,0,0,FINISHED
2020,202000230,2021-01-02T00:00:00+00:00,23,Brighton & Hove Albion FC,Wolverhampton Wanderers FC,3,0,FINISHED
2020,202000231,2021-01-13T00:00:00+00:00,24,Wolverhampton Wanderers FC,Leicester City FC,2,2,FINISHED
2020,202000232,2021-01-12T00:00:00+00:00,24,Manchester United FC,Newcastle United FC,0,4,FINISHED
2020,202000233,2021-01-10T00:00:00+00:00,24,Burnley FC,Everton FC,0,1,FINISHED
2020,202000234,2021-01-14T00:00:00+00:00,24,Arsenal FC,Leeds United FC,0,0,FINISHED
2020,202000235,2021-01-15T00:00:00+00:00,24,Tottenham Hotspur FC,Brighton & Hove Albion FC,1,1,FINISHED
2020,202000236,2021-01-12T00:00:00+00:00,24,West Ham United FC,Southampton FC,4,0,FINISHED
2020,202000237,2021-01-10T00:00:00+00:00,24,Crystal Palace FC,Manchester City FC,1,0,FINISHED
2020,202000238,2021-01-14T00:00:00+00:00,24,Sheffield United FC,Chelsea FC,2,1,FINISHED
2020,202000239,2021-01-13T00:00:00+00:00,24,West Bromwich Albion FC,Fulham FC,4,1,FINISHED
2020,202000240,2021-01-09T00:00:00+00:00,24,Aston Villa FC,Liverpool FC,0,0,FINISHED
2020,202000241,2021-01-19T00:00:00+00:00,25,Everton FC,Newcastle United FC,4,0,FINISHED
2020,202000242,2021-01-18T00:00:00+00:00,25,Manchester United FC,Burnley FC,4,1,FINISHED
2020,202000243,2021-01-22T00:00:00+00:00,25,Wolverhampton Wanderers FC,Brighton & Hove Albion FC,1,2,FINISHED
2020,202000244,2021-01-21T00:00:00+00:00,25,West Bromwich Albion FC,West Ham United FC,4,0,FINISHED
2020,202000245,2021-01-18T00:00:00+00:00,25,Arsenal FC,Chelsea FC,4,0,FINISHED
2020,202000246,2021-01-17T00:00:00+00:00,25,Leeds United FC,Tottenham Hotspur FC,0,2,FINISHED
2020,202000247,2021-01-17T00:00:00+00:00,25,Fulham FC,Crystal Palace FC,2,2,FINISHED
2020,202000248,2021-01-22T00:00:00+00:00,25,Leicester City FC,Aston Villa FC,3,0,FINISHED
2020,202000249,2021-01-17T00:00:00+00:00,25,Southampton FC,Manchester City FC,4,1,FINISHED
2020,202000250,2021-01-20T00:00:00+00:00,25,Liverpool FC,Sheffield United FC,1,2,FINISHED
2020,202000251,2021-01-23T00:00:00+00:00,26,Chelsea FC,Fulham FC,1,4,FINISHED
2020,202000252,2021-01-27T00:00:00+00:00,26,Wolverhampton Wanderers FC,Manchester United FC,0,2,FINISHED
2020,202000253,2021-01-28T00:00:00+00:00,26,Tottenham Hotspur FC,Leicester City FC,0,2,FINISHED
2020,202000254,2021-01-25T00:00:00+00:00,26,Leeds United FC,West Ham United FC,2,1,FINISHED
2020,202000255,2021-01-29T00:00:00+00:00,26,Liverpool FC,Aston Villa FC,4,1,FINISHED
2020,202000256,2021-01-26T00:00:00+00:00,26,West Bromwich Albion FC,Arsenal FC,0,3,FINISHED
2020,202000257,2021-01-29T00:00:00+00:00,26,Everton FC,Newcastle United FC,1,2,FINISHED
2020,202000258,2021-01-24T00:00:00+00:00,26,Brighton & Hove Albion FC,Sheffield United FC,2,0,FINISHED
2020,202000259,2021-01-29T00:00:00+00:00,26,Crystal Palace FC,Burnley FC,2,0,FINISHED
2020,202000260,2021-01-28T00:00:00+00:00,26,Southampton FC,Manchester City FC,2,1,FINISHED
2020,202000261,2021-02-03T00:00:00+00:00,27,Fulham FC,Crystal Palace FC,0,0,FINISHED
2020,202000262,2021-02-02T00:00:00+00:00,27,Leeds United FC,Leicester City FC,3,1,FINISHED
2020,202000263,2021-01-30T00:00:00+00:00,27,Tottenham Hotspur FC,Aston Villa FC,2,1,FINISHED
2020,202000264,2021-01-31T00:00:00+00:00,27,West Bromwich Albion FC,West Ham United FC,1,2,FINISHED
2020,202000265,2021-02-01T00:00:00+00:00,27,Sheffield United FC,Southampton FC,2,0,FINISHED
2020,202000266,2021-01-31T00:00:00+00:00,27,Manchester City FC,Newcastle United FC,0,0,FINISHED
2020,202000267,2021-02-03T00:00:00+00:00,27,Burnley FC,Liverpool FC,4,0,FINISHED
2020,202000268,2021-02-03T00:00:00+00:00,27,Brighton & Hove Albion FC,Manchester United FC,0,2,FINISHED
2020,202000269,2021-02-04T00:00:00+00:00,27,Chelsea FC,Everton FC,0,0,FINISHED
2020,202000270,2021-01-30T00:00:00+00:00,27,Wolverhampton Wanderers FC,Arsenal FC,0,2,FINISHED
2020,202000271,2021-02-07T00:00:00+00:00,28,Everton FC,Wolverhampton Wanderers FC,1,0,FINISHED
2020,202000272,2021-02-12T00:00:00+00:00,28,Manchester United FC,Fulham FC,0,0,FINISHED
2020,202000273,2021-02-11T00:00:00+00:00,28,Brighton & Hove Albion FC,Southampton FC,0,3,FINISHED
2020,202000274,2021-02-07T00:00:00+00:00,28,Manchester City FC,Chelsea FC,3,1,FINISHED
2020,202000275,2021-02-08T00:00:00+00:00,28,Sheffield United FC,Aston Villa FC,2,1,FINISHED
2020,202000276,2021-02-06T00:00:00+00:00,28,Crystal Palace FC,Burnley FC,2,0,FINISHED
2020,202000277,2021-02-07T00:00:00+00:00,28,Newcastle United FC,West Bromwich Albion FC,2,1,FINISHED
2020,202000278,2021-02-12T00:00:00+00:00,28,Tottenham Hotspur FC,West Ham United FC,0,2,FINISHED
2020,202000279,2021-02-07T00:00:00+00:00,28,Arsenal FC,Leicester City FC,2,2,FINISHED
2020,202000280,2021-02-10T00:00:00+00:00,28,Liverpool FC,Leeds United FC,1,0,FINISHED
2020,202000281,2021-02-16T00:00:00+00:00,29,Everton FC,Manchester City FC,3,1,FINISHED
2020,202000282,2021-02-17T00:00:00+00:00,29,Crystal Palace FC,Leicester City FC,0,2,FINISHED
2020,202000283,2021-02-18T00:00:00+00:00,29,Tottenham Hotspur FC,West Bromwich Albion FC,2,0,FINISHED
2020,202000284,2021-02-18T00:00:00+00:00,29,Newcastle United FC,Wolverhampton Wanderers FC,2,1,FINISHED
2020,202000285,2021-02-14T00:00:00+00:00,29,Sheffield United FC,Liverpool FC,0,2,FINISHED
2020,202000286,2021-02-18T00:00:00+00:00,29,Aston Villa FC,Manchester United FC,2,0,FINISHED
2020,202000287,2021-02-18T00:00:00+00:00,29,Fulham FC,Arsenal FC,2,0,FINISHED
2020,202000288,2021-02-17T00:00:00+00:00,29,West Ham United FC,Brighton & Hove Albion FC,1,1,FINISHED
2020,202000289,2021-02-15T00:00:00+00:00,29,Chelsea FC,Burnley FC,1,3,FINISHED
2020,202000290,2021-02-19T00:00:00+00:00,29,Southampton FC,Leeds United FC,2,2,FINISHED
2020,202000291,2021-02-23T00:00:00+00:00,30,Liverpool FC,Burnley FC,0,3,FINISHED
2020,202000292,2021-02-26T00:00:00+00:00,30,Aston Villa FC,Southampton FC,3,1,FINISHED
2020,202000293,2021-02-25T00:00:00+00:00,30,Crystal Palace FC,Chelsea FC,2,2,FINISHED
2020,202000294,2021-02-24T00:00:00+00:00,30,Sheffield United FC,West Ham United FC,4,0,FINISHED
2020,202000295,2021-02-24T00:00:00+00:00,30,Newcastle United FC,Brighton & Hove Albion FC,3,1,FINISHED
2020,202000296,2021-02-21T00:00:00+00:00,30,Manchester City FC,Tottenham Hotspur FC,2,0,FINISHED
2020,202000297,2021-02-24T00:00:00+00:00,30,Wolverhampton Wanderers FC,Arsenal FC,1,4,FINISHED
2020,202000298,2021-02-26T00:00:00+00:00,30,Fulham FC,Manchester United FC,4,1,FINISHED
2020,202000299,2021-02-23T00:00:00+00:00,30,Everton FC,Leicester City FC,0,0,FINISHED
2020,202000300,2021-02-25T00:00:00+00:00,30,Leeds United FC,West Bromwich Albion FC,1,1,FINISHED
2020,202000301,2021-03-03T00:00:00+00:00,31,Brighton & Hove Albion FC,Arsenal FC,2,0,FINISHED
2020,202000302,2021-03-02T00:00:00+00:00,31,Burnley FC,Fulham FC,0,1,FINISHED
2020,202000303,2021-03-02T00:00:00+00:00,31,Chelsea FC,Everton FC,1,0,FINISHED
2020,202000304,2021-03-02T00:00:00+00:00,31,Newcastle United FC,Southampton FC,3,0,FINISHED
2020,202000305,2021-03-02T00:00:00+00:00,31,Tottenham Hotspur FC,Crystal Palace FC,1,1,FINISHED
2020,202000306,2021-03-04T00:00:00+00:00,31,Leicester City FC,Liverpool FC,2,0,FINISHED
2020,202000307,2021-03-01T00:00:00+00:00,31,Manchester City FC,Aston Villa FC,0,3,FINISHED
2020,202000308,2021-03-05T00:00:00+00:00,31,Manchester United FC,Wolverhampton Wanderers FC,1,0,FINISHED
2020,202000309,2021-03-03T00:00:00+00:00,31,Leeds United FC,West Ham United FC,0,2,FINISHED
2020,202000310,2021-02-28T00:00:00+00:00,31,Sheffield United FC,West Bromwich Albion FC,2,1,FINISHED
2020,202000311,2021-03-06T00:00:00+00:00,32,Brighton & Hove Albion FC,Tottenham Hotspur FC,3,1,FINISHED
2020,202000312,2021-03-07T00:00:00+00:00,32,Arsenal FC,Leeds United FC,0,0,FINISHED
2020,202000313,2021-03-08T00:00:00+00:00,32,Liverpool FC,Fulham FC,3,0,FINISHED
2020,202000314,2021-03-06T00:00:00+00:00,32,Aston Villa FC,West Ham United FC,3,0,FINISHED
2020,202000315,2021-03-06T00:00:00+00:00,32,Everton FC,West Bromwich Albion FC,2,0,FINISHED
2020,202000316,2021-03-11T00:00:00+00:00,32,Chelsea FC,Manchester United FC,0,2,FINISHED
2020,202000317,2021-03-12T00:00:00+00:00,32,Wolverhampton Wanderers FC,Sheffield United FC,1,2,FINISHED
2020,202000318,2021-03-09T00:00:00+00:00,32,Manchester City FC,Southampton FC,0,4,FINISHED
2020,202000319,2021-03-07T00:00:00+00:00,32,Crystal Palace FC,Newcastle United FC,3,0,FINISHED
2020,202000320,2021-03-06T00:00:00+00:00,32,Leicester City FC,Burnley FC,2,2,FINISHED
2020,202000321,2021-03-17T00:00:00+00:00,33,Fulham FC,Tottenham Hotspur FC,2,0,FINISHED
2020,202000322,2021-03-15T00:00:00+00:00,33,Manchester City FC,West Ham United FC,2,2,FINISHED
2020,202000323,2021-03-19T00:00:00+00:00,33,Burnley FC,Liverpool FC,2,1,FINISHED
2020,202000324,2021-03-13T00:00:00+00:00,33,Chelsea FC,Leeds United FC,2,2,FINISHED
2020,202000325,2021-03-16T00:00:00+00:00,33,Leicester City FC,Southampton FC,0,2,FINISHED
2020,202000326,2021-03-13T00:00:00+00:00,33,Everton FC,Arsenal FC,2,2,FINISHED
2020,202000327,2021-03-16T00:00:00+00:00,33,Crystal Palace FC,Newcastle United FC,2,1,FINISHED
2020,202000328,2021-03-18T00:00:00+00:00,33,West Bromwich Albion FC,Brighton & Hove Albion FC,3,1,FINISHED
2020,202000329,2021-03-19T00:00:00+00:00,33,Wolverhampton Wanderers FC,Aston Villa FC,0,1,FINISHED
2020,202000330,2021-03-19T00:00:00+00:00,33,Manchester United FC,Sheffield United FC,3,0,FINISHED
2020,202000331,2021-03-22T00:00:00+00:00,34,Crystal Palace FC,Manchester United FC,1,3,FINISHED
2020,202000332,2021-03-23T00:00:00+00:00,34,Wolverhampton Wanderers FC,Everton FC,4,1,FINISHED
2020,202000333,2021-03-21T00:00:00+00:00,34,Leicester City FC,Southampton FC,4,1,FINISHED
2020,202000334,2021-03-26T00:00:00+00:00,34,Leeds United FC,Brighton & Hove Albion FC,0,2,FINISHED
2020,202000335,2021-03-23T00:00:00+00:00,34,Arsenal FC,Sheffield United FC,2,1,FINISHED
2020,202000336,2021-03-24T00:00:00+00:00,34,Tottenham Hotspur FC,Manchester City FC,2,2,FINISHED
2020,202000337,2021-03-26T00:00:00+00:00,34,Aston Villa FC,West Ham United FC,1,0,FINISHED
2020,202000338,2021-03-25T00:00:00+00:00,34,Fulham FC,West Bromwich Albion FC,0,1,FINISHED
2020,202000339,2021-03-26T00:00:00+00:00,34,Newcastle United FC,Liverpool FC,0,1,FINISHED
2020,202000340,2021-03-21T00:00:00+00:00,34,Burnley FC,Chelsea FC,2,1,FINISHED
2020,202000341,2021-03-29T00:00:00+00:00,35,Chelsea FC,Tottenham Hotspur FC,2,0,FINISHED
2020,202000342,2021-03-28T00:00:00+00:00,35,Brighton & Hove Albion FC,Liverpool FC,3,1,FINISHED
2020,202000343,2021-03-29T00:00:00+00:00,35,Burnley FC,Everton FC,3,0,FINISHED
2020,202000344,2021-04-01T00:00:00+00:00,35,Fulham FC,Manchester City FC,1,0,FINISHED
2020,202000345,2021-03-28T00:00:00+00:00,35,Sheffield United FC,Southampton FC,4,0,FINISHED
2020,202000346,2021-04-02T00:00:00+00:00,35,Newcastle United FC,West Ham United FC,1,3,FINISHED
2020,202000347,2021-03-30T00:00:00+00:00,35,Aston Villa FC,Leicester City FC,3,0,FINISHED
2020,202000348,2021-03-28T00:00:00+00:00,35,West Bromwich Albion FC,Leeds United FC,1,0,FINISHED
2020,202000349,2021-03-30T00:00:00+00:00,35,Manchester United FC,Crystal Palace FC,2,0,FINISHED
2020,202000350,2021-03-31T00:00:00+00:00,35,Arsenal FC,Wolverhampton Wanderers FC,2,1,FINISHED
2020,202000351,2021-04-07T00:00:00+00:00,36,Fulham FC,Manchester United FC,1,4,FINISHED
2020,202000352,2021-04-04T00:00:00+00:00,36,Sheffield United FC,Tottenham Hotspur FC,0,1,FINISHED
2020,202000353,2021-04-08T00:00:00+00:00,36,Leicester City FC,Leeds United FC,0,0,FINISHED
2020,202000354,2021-04-06T00:00:00+00:00,36,Manchester City FC,Southampton FC,2,1,FINISHED
2020,202000355,2021-04-06T00:00:00+00:00,36,Crystal Palace FC,Wolverhampton Wanderers FC,3,1,FINISHED
2020,202000356,2021-04-08T00:00:00+00:00,36,Aston Villa FC,West Bromwich Albion FC,1,3,FINISHED
2020,202000357,2021-04-06T00:00:00+00:00,36,West Ham United FC,Brighton & Hove Albion FC,0,1,FINISHED
2020,202000358,2021-04-03T00:00:00+00:00,36,Chelsea FC,Liverpool FC,3,0,FINISHED
2020,202000359,2021-04-07T00:00:00+00:00,36,Burnley FC,Everton FC,1,2,FINISHED
2020,202000360,2021-04-06T00:00:00+00:00,36,Newcastle United FC,Arsenal FC,2,1,FINISHED
2020,202000361,2021-04-16T00:00:00+00:00,37,Leicester City FC,Tottenham Hotspur FC,2,1,FINISHED
2020,202000362,2021-04-14T00:00:00+00:00,37,Southampton FC,Liverpool FC,1,2,FINISHED
2020,202000363,2021-04-11T00:00:00+00:00,37,West Ham United FC,Wolverhampton Wanderers FC,2,1,FINISHED
2020,202000364,2021-04-12T00:00:00+00:00,37,Aston Villa FC,Manchester City FC,2,0,FINISHED
2020,202000365,2021-04-16T00:00:00+00:00,37,Everton FC,Fulham FC,2,2,FINISHED
2020,202000366,2021-04-12T00:00:00+00:00,37,Burnley FC,Newcastle United FC,2,0,FINISHED
2020,202000367,2021-04-13T00:00:00+00:00,37,Sheffield United FC,Brighton & Hove Albion FC,1,2,FINISHED
2020,202000368,2021-04-14T00:00:00+00:00,37,West Bromwich Albion FC,Crystal Palace FC,4,0,FINISHED
2020,202000369,2021-04-14T00:00:00+00:00,37,Chelsea FC,Arsenal FC,4,0,FINISHED
2020,202000370,2021-04-12T00:00:00+00:00,37,Leeds United FC,Manchester United FC,2,0,FINISHED
2020,202000371,2021-04-18T00:00:00+00:00,38,Arsenal FC,Southampton FC,2,1,FINISHED
2020,202000372,2021-04-23T00:00:00+00:00,38,Newcastle United FC,Liverpool FC,2,1,FINISHED
2020,202000373,2021-04-18T00:00:00+00:00,38,Sheffield United FC,Brighton & Hove Albion FC,2,0,FINISHED
2020,202000374,2021-04-23T00:00:00+00:00,38,Leeds United FC,Chelsea FC,1,1,FINISHED
2020,202000375,2021-04-23T00:00:00+00:00,38,Manchester City FC,West Bromwich Albion FC,1,1,FINISHED
2020,202000376,2021-04-18T00:00:00+00:00,38,West Ham United FC,Fulham FC,3,1,FINISHED
2020,202000377,2021-04-19T00:00:00+00:00,38,Tottenham Hotspur FC,Everton FC,3,0,FINISHED
2020,202000378,2021-04-23T00:00:00+00:00,38,Wolverhampton Wanderers FC,Burnley FC,3,0,FINISHED
2020,202000379,2021-04-19T00:00:00+00:00,38,Crystal Palace FC,Manchester United FC,1,1,FINISHED
2020,202000380,2021-04-17T00:00:00+00:00,38,Aston Villa FC,Leicester City FC,2,1,FINISHED
2019,201900001,2019-08-05T00:00:00+00:00,1,Newcastle United FC,Burnley FC,2,1,FINISHED
2019,201900002,2019-08-05T00:00:00+00:00,1,Aston Villa FC,Crystal Palace FC,1,4,FINISHED
2019,201900003,2019-08-05T00:00:00+00:00,1,Sheffield United FC,Everton FC,1,1,FINISHED
2019,201900004,2019-08-03T00:00:00+00:00,1,Norwich City FC,West Ham United FC,1,2,FINISHED
2019,201900005,2019-08-07T00:00:00+00:00,1,Wolverhampton Wanderers FC,Tottenham Hotspur FC,3,1,FINISHED
2019,201900006,2019-08-05T00:00:00+00:00,1,Arsenal FC,Southampton FC,0,4,FINISHED
2019,201900007,2019-08-03T00:00:00+00:00,1,Manchester United FC,AFC Bournemouth,0,0,FINISHED
2019,201900008,2019-08-02T00:00:00+00:00,1,Liverpool FC,Chelsea FC,3,0,FINISHED
2019,201900009,2019-08-07T00:00:00+00:00,1,Watford FC,Manchester City FC,0,1,FINISHED
2019,201900010,2019-08-04T00:00:00+00:00,1,Brighton & Hove Albion FC,Leicester City FC,3,1,FINISHED
2019,201900011,2019-08-11T00:00:00+00:00,2,Brighton & Hove Albion FC,Manchester City FC,4,0,FINISHED
2019,201900012,2019-08-13T00:00:00+00:00,2,Leicester City FC,Everton FC,0,2,FINISHED
2019,201900013,2019-08-09T00:00:00+00:00,2,Manchester United FC,West Ham United FC,2,1,FINISHED
2019,201900014,2019-08-08T00:00:00+00:00,2,Crystal Palace FC,AFC Bournemouth,4,1,FINISHED
2019,201900015,2019-08-14T00:00:00+00:00,2,Chelsea FC,Wolverhampton Wanderers FC,2,2,FINISHED
2019,201900016,2019-08-11T00:00:00+00:00,2,Watford FC,Southampton FC,2,0,FINISHED
2019,201900017,2019-08-08T00:00:00+00:00,2,Aston Villa FC,Arsenal FC,0,0,FINISHED
2019,201900018,2019-08-08T00:00:00+00:00,2,Newcastle United FC,Burnley FC,4,0,FINISHED
2019,201900019,2019-08-11T00:00:00+00:00,2,Sheffield United FC,Tottenham Hotspur FC,0,2,FINISHED
2019,201900020,2019-08-09T00:00:00+00:00,2,Liverpool FC,Norwich City FC,0,0,FINISHED
2019,201900021,2019-08-19T00:00:00+00:00,3,Brighton & Hove Albion FC,Burnley FC,0,1,FINISHED
2019,201900022,2019-08-15T00:00:00+00:00,3,Everton FC,Newcastle United FC,3,1,FINISHED
2019,201900023,2019-08-21T00:00:00+00:00,3,Crystal Palace FC,Tottenham Hotspur FC,4,0,FINISHED
2019,201900024,2019-08-21T00:00:00+00:00,3,Manchester City FC,Watford FC,2,0,FINISHED
2019,201900025,2019-08-16T00:00:00+00:00,3,Southampton FC,Wolverhampton Wanderers FC,3,1,FINISHED
2019,201900026,2019-08-15T00:00:00+00:00,3,Liverpool FC,AFC Bournemouth,2,0,FINISHED
2019,201900027,2019-08-15T00:00:00+00:00,3,Manchester United FC,Leicester City FC,4,0,FINISHED
2019,201900028,2019-08-16T00:00:00+00:00,3,West Ham United FC,Arsenal FC,3,0,FINISHED
2019,201900029,2019-08-18T00:00:00+00:00,3,Sheffield United FC,Aston Villa FC,2,2,FINISHED
2019,201900030,2019-08-20T00:00:00+00:00,3,Chelsea FC,Norwich City FC,4,1,FINISHED
2019,201900031,2019-08-27T00:00:00+00:00,4,Arsenal FC,Brighton & Hove Albion FC,1,0,FINISHED
2019,201900032,2019-08-28T00:00:00+00:00,4,Watford FC,Liverpool FC,1,0,FINISHED
2019,201900033,2019-08-27T00:00:00+00:00,4,AFC Bournemouth,Tottenham Hotspur FC,2,1,FINISHED
2019,201900034,2019-08-22T00:00:00+00:00,4,Wolverhampton Wanderers FC,Sheffield United FC,1,2,FINISHED
2019,201900035,2019-08-25T00:00:00+00:00,4,Everton FC,Manchester City FC,1,1,FINISHED
2019,201900036,2019-08-23T00:00:00+00:00,4,Crystal Palace FC,Newcastle United FC,0,1,FINISHED
2019,201900037,2019-08-26T00:00:00+00:00,4,Burnley FC,Aston Villa FC,3,1,FINISHED
2019,201900038,2019-08-27T00:00:00+00:00,4,Norwich City FC,West Ham United FC,0,2,FINISHED
2019,201900039,2019-08-26T00:00:00+00:00,4,Leicester City FC,Southampton FC,1,3,FINISHED
2019,201900040,2019-08-28T00:00:00+00:00,4,Manchester United FC,Chelsea FC,1,0,FINISHED
2019,201900041,2019-09-03T00:00:00+00:00,5,Tottenham Hotspur FC,Brighton & Hove Albion FC,0,2,FINISHED
2019,201900042,2019-08-29T00:00:00+00:00,5,West Ham United FC,Watford FC,0,2,FINISHED
2019,201900043,2019-09-04T00:00:00+00:00,5,AFC Bournemouth,Chelsea FC,1,2,FINISHED
2019,201900044,2019-09-03T00:00:00+00:00,5,Aston Villa FC,Liverpool FC,1,0,FINISHED
2019,201900045,2019-09-01T00:00:00+00:00,5,Everton FC,Wolverhampton Wanderers FC,1,0,FINISHED
2019,201900046,2019-09-04T00:00:00+00:00,5,Newcastle United FC,Norwich City FC,2,1,FINISHED
2019,201900047,2019-08-30T00:00:00+00:00,5,Leicester City FC,Sheffield United FC,1,1,FINISHED
2019,201900048,2019-08-29T00:00:00+00:00,5,Crystal Palace FC,Manchester City FC,2,1,FINISHED
2019,201900049,2019-08-30T00:00:00+00:00,5,Southampton FC,Burnley FC,3,1,FINISHED
2019,201900050,2019-08-31T00:00:00+00:00,5,Manchester United FC,Arsenal FC,1,2,FINISHED
2019,201900051,2019-09-06T00:00:00+00:00,6,Arsenal FC,Watford FC,3,0,FINISHED
2019,201900052,2019-09-10T00:00:00+00:00,6,AFC Bournemouth,Wolverhampton Wanderers FC,0,0,FINISHED
2019,201900053,2019-09-11T00:00:00+00:00,6,Chelsea FC,Liverpool FC,2,1,FINISHED
2019,201900054,2019-09-06T00:00:00+00:00,6,Newcastle United FC,Norwich City FC,1,3,FINISHED
2019,201900055,2019-09-11T00:00:00+00:00,6,Leicester City FC,West Ham United FC,0,1,FINISHED
2019,201900056,2019-09-05T00:00:00+00:00,6,Burnley FC,Manchester United FC,3,1,FINISHED
2019,201900057,2019-09-09T00:00:00+00:00,6,Aston Villa FC,Everton FC,2,1,FINISHED
2019,201900058,2019-09-05T00:00:00+00:00,6,Crystal Palace FC,Sheffield United FC,0,2,FINISHED
2019,201900059,2019-09-08T00:00:00+00:00,6,Brighton & Hove Albion FC,Southampton FC,0,0,FINISHED
2019,201900060,2019-09-05T00:00:00+00:00,6,Tottenham Hotspur FC,Manchester City FC,1,0,FINISHED
2019,201900061,2019-09-18T00:00:00+00:00,7,Crystal Palace FC,Leicester City FC,2,1,FINISHED
2019,201900062,2019-09-18T00:00:00+00:00,7,Watford FC,Norwich City FC,2,1,FINISHED
2019,201900063,2019-09-17T00:00:00+00:00,7,Newcastle United FC,AFC Bournemouth,0,2,FINISHED
2019,201900064,2019-09-14T00:00:00+00:00,7,Burnley FC,Aston Villa FC,1,2,FINISHED
2019,201900065,2019-09-13T00:00:00+00:00,7,Liverpool FC,Everton FC,3,1,FINISHED
2019,201900066,2019-09-13T00:00:00+00:00,7,Sheffield United FC,Brighton & Hove Albion FC,2,0,FINISHED
2019,201900067,2019-09-13T00:00:00+00:00,7,West Ham United FC,Chelsea FC,3,1,FINISHED
2019,201900068,2019-09-15T00:00:00+00:00,7,Arsenal FC,Manchester United FC,0,2,FINISHED
2019,201900069,2019-09-18T00:00:00+00:00,7,Manchester City FC,Wolverhampton Wanderers FC,3,1,FINISHED
2019,201900070,2019-09-15T00:00:00+00:00,7,Southampton FC,Tottenham Hotspur FC,0,0,FINISHED
2019,201900071,2019-09-24T00:00:00+00:00,8,Chelsea FC,Southampton FC,2,2,FINISHED
2019,201900072,2019-09-21T00:00:00+00:00,8,Norwich City FC,West Ham United FC,2,1,FINISHED
2019,201900073,2019-09-20T00:00:00+00:00,8,Everton FC,Newcastle United FC,4,0,FINISHED
2019,201900074,2019-09-21T00:00:00+00:00,8,Watford FC,Leicester City FC,0,2,FINISHED
2019,201900075,2019-09-23T00:00:00+00:00,8,AFC Bournemouth,Wolverhampton Wanderers FC,2,2,FINISHED
2019,201900076,2019-09-20T00:00:00+00:00,8,Brighton & Hove Albion FC,Manchester United FC,0,1,FINISHED
2019,201900077,2019-09-21T00:00:00+00:00,8,Burnley FC,Arsenal FC,4,1,FINISHED
2019,201900078,2019-09-25T00:00:00+00:00,8,Liverpool FC,Tottenham Hotspur FC,1,1,FINISHED
2019,201900079,2019-09-24T00:00:00+00:00,8,Manchester City FC,Aston Villa FC,0,2,FINISHED
2019,201900080,2019-09-22T00:00:00+00:00,8,Crystal Palace FC,Sheffield United FC,3,0,FINISHED
2019,201900081,2019-09-27T00:00:00+00:00,9,Tottenham Hotspur FC,Watford FC,2,0,FINISHED
2019,201900082,2019-09-30T00:00:00+00:00,9,Newcastle United FC,Manchester United FC,0,4,FINISHED
2019,201900083,2019-10-01T00:00:00+00:00,9,Sheffield United FC,Southampton FC,1,1,FINISHED
2019,201900084,2019-09-27T00:00:00+00:00,9,Arsenal FC,West Ham United FC,0,2,FINISHED
2019,201900085,2019-09-28T00:00:00+00:00,9,Leicester City FC,Burnley FC,2,0,FINISHED
2019,201900086,2019-09-26T00:00:00+00:00,9,Crystal Palace FC,Manchester City FC,3,1,FINISHED
2019,201900087,2019-10-02T00:00:00+00:00,9,AFC Bournemouth,Wolverhampton Wanderers FC,1,2,FINISHED
2019,201900088,2019-10-02T00:00:00+00:00,9,Aston Villa FC,Liverpool FC,2,1,FINISHED
2019,201900089,2019-09-29T00:00:00+00:00,9,Everton FC,Chelsea FC,0,4,FINISHED
2019,201900090,2019-10-01T00:00:00+00:00,9,Norwich City FC,Brighton & Hove Albion FC,1,1,FINISHED
2019,201900091,2019-10-06T00:00:00+00:00,10,Tottenham Hotspur FC,Brighton & Hove Albion FC,0,1,FINISHED
2019,201900092,2019-10-07T00:00:00+00:00,10,Chelsea FC,West Ham United FC,1,1,FINISHED
2019,201900093,2019-10-09T00:00:00+00:00,10,Liverpool FC,Wolverhampton Wanderers FC,2,1,FINISHED
2019,201900094,2019-10-08T00:00:00+00:00,10,Aston Villa FC,Crystal Palace FC,2,0,FINISHED
2019,201900095,2019-10-08T00:00:00+00:00,10,Manchester United FC,Sheffield United FC,4,0,FINISHED
2019,201900096,2019-10-03T00:00:00+00:00,10,Watford FC,Norwich City FC,0,2,FINISHED
2019,201900097,2019-10-06T00:00:00+00:00,10,Arsenal FC,Burnley FC,0,2,FINISHED
2019,201900098,2019-10-06T00:00:00+00:00,10,Everton FC,Newcastle United FC,2,0,FINISHED
2019,201900099,2019-10-04T00:00:00+00:00,10,Southampton FC,Manchester City FC,2,0,FINISHED
2019,201900100,2019-10-07T00:00:00+00:00,10,Leicester City FC,AFC Bournemouth,2,0,FINISHED
2019,201900101,2019-10-10T00:00:00+00:00,11,Tottenham Hotspur FC,Chelsea FC,1,2,FINISHED
2019,201900102,2019-10-15T00:00:00+00:00,11,West Ham United FC,Burnley FC,0,1,FINISHED
2019,201900103,2019-10-16T00:00:00+00:00,11,Wolverhampton Wanderers FC,Everton FC,2,2,FINISHED
2019,201900104,2019-10-12T00:00:00+00:00,11,Aston Villa FC,AFC Bournemouth,1,3,FINISHED
2019,201900105,2019-10-13T00:00:00+00:00,11,Arsenal FC,Brighton & Hove Albion FC,0,1,FINISHED
2019,201900106,2019-10-14T00:00:00+00:00,11,Leicester City FC,Southampton FC,2,0,FINISHED
2019,201900107,2019-10-15T00:00:00+00:00,11,Sheffield United FC,Liverpool FC,3,1,FINISHED
2019,201900108,2019-10-11T00:00:00+00:00,11,Manchester United FC,Manchester City FC,4,1,FINISHED
2019,201900109,2019-10-11T00:00:00+00:00,11,Norwich City FC,Newcastle United FC,3,1,FINISHED
2019,201900110,2019-10-15T00:00:00+00:00,11,Crystal Palace FC,Watford FC,0,2,FINISHED
2019,201900111,2019-10-22T00:00:00+00:00,12,West Ham United FC,Watford FC,1,2,FINISHED
2019,201900112,2019-10-21T00:00:00+00:00,12,Arsenal FC,Leicester City FC,1,1,FINISHED
2019,201900113,2019-10-19T00:00:00+00:00,12,Chelsea FC,Liverpool FC,2,1,FINISHED
2019,201900114,2019-10-21T00:00:00+00:00,12,AFC Bournemouth,Newcastle United FC,3,1,FINISHED
2019,201900115,2019-10-22T00:00:00+00:00,12,Tottenham Hotspur FC,Aston Villa FC,2,2,FINISHED
2019,201900116,2019-10-19T00:00:00+00:00,12,Manchester City FC,Everton FC,2,1,FINISHED
2019,201900117,2019-10-23T00:00:00+00:00,12,Brighton & Hove Albion FC,Manchester United FC,1,0,FINISHED
2019,201900118,2019-10-20T00:00:00+00:00,12,Burnley FC,Norwich City FC,0,0,FINISHED
2019,201900119,2019-10-22T00:00:00+00:00,12,Southampton FC,Crystal Palace FC,0,1,FINISHED
2019,201900120,2019-10-17T00:00:00+00:00,12,Wolverhampton Wanderers FC,Sheffield United FC,1,2,FINISHED
2019,201900121,2019-10-26T00:00:00+00:00,13,Wolverhampton Wanderers FC,Crystal Palace FC,2,1,FINISHED
2019,201900122,2019-10-24T00:00:00+00:00,13,Sheffield United FC,Southampton FC,2,1,FINISHED
2019,201900123,2019-10-27T00:00:00+00:00,13,Newcastle United FC,West Ham United FC,4,1,FINISHED
2019,201900124,2019-10-28T00:00:00+00:00,13,Chelsea FC,Liverpool FC,3,0,FINISHED
2019,201900125,2019-10-25T00:00:00+00:00,13,Brighton & Hove Albion FC,Norwich City FC,1,0,FINISHED
2019,201900126,2019-10-26T00:00:00+00:00,13,Aston Villa FC,Manchester City FC,1,0,FINISHED
2019,201900127,2019-10-29T00:00:00+00:00,13,Manchester United FC,Watford FC,3,0,FINISHED
2019,201900128,2019-10-24T00:00:00+00:00,13,Arsenal FC,AFC Bournemouth,3,0,FINISHED
2019,201900129,2019-10-30T00:00:00+00:00,13,Burnley FC,Everton FC,2,1,FINISHED
2019,201900130,2019-10-24T00:00:00+00:00,13,Leicester City FC,Tottenham Hotspur FC,3,1,FINISHED
2019,201900131,2019-11-01T00:00:00+00:00,14,Chelsea FC,Brighton & Hove Albion FC,2,1,FINISHED
2019,201900132,2019-11-02T00:00:00+00:00,14,Sheffield United FC,Crystal Palace FC,3,0,FINISHED
2019,201900133,2019-10-31T00:00:00+00:00,14,Arsenal FC,Leicester City FC,1,4,FINISHED
2019,201900134,2019-11-03T00:00:00+00:00,14,Manchester United FC,Manchester City FC,2,0,FINISHED
2019,201900135,2019-11-01T00:00:00+00:00,14,Southampton FC,Watford FC,1,0,FINISHED
2019,201900136,2019-11-05T00:00:00+00:00,14,Tottenham Hotspur FC,Aston Villa FC,2,0,FINISHED
2019,201900137,2019-11-04T00:00:00+00:00,14,Norwich City FC,Wolverhampton Wanderers FC,3,1,FINISHED
2019,201900138,2019-11-04T00:00:00+00:00,14,Newcastle United FC,West Ham United FC,2,1,FINISHED
2019,201900139,2019-11-04T00:00:00+00:00,14,Burnley FC,AFC Bournemouth,2,0,FINISHED
2019,201900140,2019-11-06T00:00:00+00:00,14,Everton FC,Liverpool FC,0,2,FINISHED
2019,201900141,2019-11-10T00:00:00+00:00,15,Tottenham Hotspur FC,Sheffield United FC,2,0,FINISHED
2019,201900142,2019-11-09T00:00:00+00:00,15,Everton FC,Manchester City FC,2,2,FINISHED
2019,201900143,2019-11-07T00:00:00+00:00,15,Burnley FC,Watford FC,2,0,FINISHED
2019,201900144,2019-11-13T00:00:00+00:00,15,Southampton FC,Brighton & Hove Albion FC,0,3,FINISHED
2019,201900145,2019-11-13T00:00:00+00:00,15,Norwich City FC,West Ham United FC,0,2,FINISHED
2019,201900146,2019-11-12T00:00:00+00:00,15,Arsenal FC,AFC Bournemouth,4,1,FINISHED
2019,201900147,2019-11-08T00:00:00+00:00,15,Manchester United FC,Crystal Palace FC,2,2,FINISHED
2019,201900148,2019-11-08T00:00:00+00:00,15,Aston Villa FC,Liverpool FC,2,1,FINISHED
2019,201900149,2019-11-09T00:00:00+00:00,15,Leicester City FC,Chelsea FC,0,2,FINISHED
2019,201900150,2019-11-07T00:00:00+00:00,15,Wolverhampton Wanderers FC,Newcastle United FC,3,0,FINISHED
2019,201900151,2019-11-14T00:00:00+00:00,16,West Ham United FC,Manchester City FC,1,1,FINISHED
2019,201900152,2019-11-19T00:00:00+00:00,16,Everton FC,Brighton & Hove Albion FC,2,0,FINISHED
2019,201900153,2019-11-19T00:00:00+00:00,16,Newcastle United FC,Tottenham Hotspur FC,0,1,FINISHED
2019,201900154,2019-11-16T00:00:00+00:00,16,Arsenal FC,Southampton FC,0,1,FINISHED
2019,201900155,2019-11-14T00:00:00+00:00,16,Chelsea FC,Liverpool FC,1,2,FINISHED
2019,201900156,2019-11-17T00:00:00+00:00,16,AFC Bournemouth,Norwich City FC,1,0,FINISHED
2019,201900157,2019-11-19T00:00:00+00:00,16,Aston Villa FC,Wolverhampton Wanderers FC,3,0,FINISHED
2019,201900158,2019-11-16T00:00:00+00:00,16,Watford FC,Leicester City FC,0,2,FINISHED
2019,201900159,2019-11-15T00:00:00+00:00,16,Manchester United FC,Sheffield United FC,3,1,FINISHED
2019,201900160,2019-11-18T00:00:00+00:00,16,Burnley FC,Crystal Palace FC,4,0,FINISHED
2019,201900161,2019-11-23T00:00:00+00:00,17,Manchester United FC,Arsenal FC,3,1,FINISHED
2019,201900162,2019-11-24T00:00:00+00:00,17,Southampton FC,Manchester City FC,4,1,FINISHED
2019,201900163,2019-11-24T00:00:00+00:00,17,West Ham United FC,Wolverhampton Wanderers FC,3,0,FINISHED
2019,201900164,2019-11-23T00:00:00+00:00,17,Newcastle United FC,AFC Bournemouth,1,1,FINISHED
2019,201900165,2019-11-25T00:00:00+00:00,17,Everton FC,Burnley FC,4,0,FINISHED
2019,201900166,2019-11-22T00:00:00+00:00,17,Tottenham Hotspur FC,Norwich City FC,4,1,FINISHED
2019,201900167,2019-11-21T00:00:00+00:00,17,Leicester City FC,Brighton & Hove Albion FC,2,2,FINISHED
2019,201900168,2019-11-22T00:00:00+00:00,17,Chelsea FC,Aston Villa FC,1,0,FINISHED
2019,201900169,2019-11-23T00:00:00+00:00,17,Watford FC,Crystal Palace FC,0,0,FINISHED
2019,201900170,2019-11-27T00:00:00+00:00,17,Sheffield United FC,Liverpool FC,3,0,FINISHED
2019,201900171,2019-11-29T00:00:00+00:00,18,Norwich City FC,Wolverhampton Wanderers FC,2,1,FINISHED
2019,201900172,2019-12-03T00:00:00+00:00,18,Watford FC,Manchester City FC,2,2,FINISHED
2019,201900173,2019-12-02T00:00:00+00:00,18,West Ham United FC,Sheffield United FC,2,1,FINISHED
2019,201900174,2019-12-03T00:00:00+00:00,18,Leicester City FC,Southampton FC,0,1,FINISHED
2019,201900175,2019-11-30T00:00:00+00:00,18,Manchester United FC,Everton FC,0,2,FINISHED
2019,201900176,2019-12-03T00:00:00+00:00,18,Chelsea FC,Arsenal FC,0,1,FINISHED
2019,201900177,2019-12-03T00:00:00+00:00,18,Brighton & Hove Albion FC,Aston Villa FC,1,0,FINISHED
2019,201900178,2019-11-28T00:00:00+00:00,18,Burnley FC,Tottenham Hotspur FC,3,1,FINISHED
2019,201900179,2019-12-01T00:00:00+00:00,18,Newcastle United FC,AFC Bournemouth,0,2,FINISHED
2019,201900180,2019-12-01T00:00:00+00:00,18,Crystal Palace FC,Liverpool FC,2,1,FINISHED
2019,201900181,2019-12-10T00:00:00+00:00,19,Crystal Palace FC,Brighton & Hove Albion FC,4,1,FINISHED
2019,201900182,2019-12-06T00:00:00+00:00,19,Wolverhampton Wanderers FC,Watford FC,3,0,FINISHED
2019,201900183,2019-12-11T00:00:00+00:00,19,Southampton FC,Norwich City FC,0,2,FINISHED
2019,201900184,2019-12-10T00:00:00+00:00,19,West Ham United FC,Everton FC,3,0,FINISHED
2019,201900185,2019-12-09T00:00:00+00:00,19,Manchester United FC,Leicester City FC,4,0,FINISHED
2019,201900186,2019-12-11T00:00:00+00:00,19,Chelsea FC,Tottenham Hotspur FC,0,4,FINISHED
2019,201900187,2019-12-11T00:00:00+00:00,19,Newcastle United FC,Liverpool FC,2,1,FINISHED
2019,201900188,2019-12-07T00:00:00+00:00,19,AFC Bournemouth,Burnley FC,0,1,FINISHED
2019,201900189,2019-12-11T00:00:00+00:00,19,Aston Villa FC,Sheffield United FC,1,2,FINISHED
2019,201900190,2019-12-09T00:00:00+00:00,19,Arsenal FC,Manchester City FC,1,2,FINISHED
2019,201900191,2019-12-16T00:00:00+00:00,20,Everton FC,Tottenham Hotspur FC,4,1,FINISHED
2019,201900192,2019-12-12T00:00:00+00:00,20,Watford FC,Liverpool FC,4,0,FINISHED
2019,201900193,2019-12-14T00:00:00+00:00,20,Norwich City FC,Leicester City FC,0,2,FINISHED
2019,201900194,2019-12-15T00:00:00+00:00,20,Sheffield United FC,Aston Villa FC,2,0,FINISHED
2019,201900195,2019-12-14T00:00:00+00:00,20,Manchester City FC,Brighton & Hove Albion FC,4,0,FINISHED
2019,201900196,2019-12-18T00:00:00+00:00,20,Chelsea FC,Burnley FC,3,0,FINISHED
2019,201900197,2019-12-12T00:00:00+00:00,20,Arsenal FC,AFC Bournemouth,3,0,FINISHED
2019,201900198,2019-12-16T00:00:00+00:00,20,Wolverhampton Wanderers FC,Newcastle United FC,1,1,FINISHED
2019,201900199,2019-12-18T00:00:00+00:00,20,Crystal Palace FC,West Ham United FC,4,0,FINISHED
2019,201900200,2019-12-14T00:00:00+00:00,20,Manchester United FC,Southampton FC,0,2,FINISHED
2019,201900201,2019-12-21T00:00:00+00:00,21,Chelsea FC,Southampton FC,2,1,FINISHED
2019,201900202,2019-12-20T00:00:00+00:00,21,Arsenal FC,West Ham United FC,2,1,FINISHED
2019,201900203,2019-12-23T00:00:00+00:00,21,Liverpool FC,Watford FC,2,0,FINISHED
2019,201900204,2019-12-19T00:00:00+00:00,21,Norwich City FC,Brighton & Hove Albion FC,3,1,FINISHED
2019,201900205,2019-12-24T00:00:00+00:00,21,Tottenham Hotspur FC,Aston Villa FC,0,1,FINISHED
2019,201900206,2019-12-25T00:00:00+00:00,21,Sheffield United FC,Everton FC,2,1,FINISHED
2019,201900207,2019-12-19T00:00:00+00:00,21,Manchester United FC,AFC Bournemouth,2,0,FINISHED
2019,201900208,2019-12-21T00:00:00+00:00,21,Burnley FC,Wolverhampton Wanderers FC,4,1,FINISHED
2019,201900209,2019-12-22T00:00:00+00:00,21,Newcastle United FC,Leicester City FC,0,1,FINISHED
2019,201900210,2019-12-22T00:00:00+00:00,21,Crystal Palace FC,Manchester City FC,0,1,FINISHED
2019,201900211,2019-12-30T00:00:00+00:00,22,Watford FC,Manchester City FC,1,0,FINISHED
2019,201900212,2019-12-30T00:00:00+00:00,22,Arsenal FC,Leicester City FC,3,0,FINISHED
2019,201900213,2019-12-26T00:00:00+00:00,22,Burnley FC,Aston Villa FC,3,1,FINISHED
2019,201900214,2020-01-01T00:00:00+00:00,22,West Ham United FC,Liverpool FC,4,0,FINISHED
2019,201900215,2019-12-27T00:00:00+00:00,22,Brighton & Hove Albion FC,Newcastle United FC,0,0,FINISHED
2019,201900216,2019-12-30T00:00:00+00:00,22,Wolverhampton Wanderers FC,Everton FC,1,2,FINISHED
2019,201900217,2019-12-28T00:00:00+00:00,22,Norwich City FC,Southampton FC,0,0,FINISHED
2019,201900218,2020-01-01T00:00:00+00:00,22,Manchester United FC,Crystal Palace FC,1,0,FINISHED
2019,201900219,2019-12-27T00:00:00+00:00,22,AFC Bournemouth,Tottenham Hotspur FC,3,1,FINISHED
2019,201900220,2019-12-29T00:00:00+00:00,22,Sheffield United FC,Chelsea FC,4,1,FINISHED
2019,201900221,2020-01-04T00:00:00+00:00,23,Brighton & Hove Albion FC,Manchester United FC,1,3,FINISHED
2019,201900222,2020-01-05T00:00:00+00:00,23,Burnley FC,Watford FC,2,0,FINISHED
2019,201900223,2020-01-07T00:00:00+00:00,23,Aston Villa FC,West Ham United FC,3,1,FINISHED
2019,201900224,2020-01-04T00:00:00+00:00,23,Tottenham Hotspur FC,Everton FC,2,1,FINISHED
2019,201900225,2020-01-08T00:00:00+00:00,23,Crystal Palace FC,AFC Bournemouth,1,2,FINISHED
2019,201900226,2020-01-02T00:00:00+00:00,23,Newcastle United FC,Sheffield United FC,1,2,FINISHED
2019,201900227,2020-01-06T00:00:00+00:00,23,Chelsea FC,Manchester City FC,0,0,FINISHED
2019,201900228,2020-01-04T00:00:00+00:00,23,Arsenal FC,Norwich City FC,4,1,FINISHED
2019,201900229,2020-01-02T00:00:00+00:00,23,Liverpool FC,Leicester City FC,1,0,FINISHED
2019,201900230,2020-01-06T00:00:00+00:00,23,Wolverhampton Wanderers FC,Southampton FC,3,0,FINISHED
2019,201900231,2020-01-09T00:00:00+00:00,24,Burnley FC,Brighton & Hove Albion FC,1,1,FINISHED
2019,201900232,2020-01-09T00:00:00+00:00,24,Manchester City FC,Southampton FC,2,0,FINISHED
2019,201900233,2020-01-14T00:00:00+00:00,24,AFC Bournemouth,Liverpool FC,2,2,FINISHED
2019,201900234,2020-01-13T00:00:00+00:00,24,Leicester City FC,Wolverhampton Wanderers FC,3,0,FINISHED
2019,201900235,2020-01-10T00:00:00+00:00,24,Norwich City FC,Newcastle United FC,0,0,FINISHED
2019,201900236,2020-01-11T00:00:00+00:00,24,Tottenham Hotspur FC,Watford FC,3,1,FINISHED
2019,201900237,2020-01-10T00:00:00+00:00,24,Everton FC,Sheffield United FC,0,0,FINISHED
2019,201900238,2020-01-10T00:00:00+00:00,24,Aston Villa FC,Arsenal FC,2,0,FINISHED
2019,201900239,2020-01-15T00:00:00+00:00,24,Manchester United FC,West Ham United FC,2,0,FINISHED
2019,201900240,2020-01-12T00:00:00+00:00,24,Crystal Palace FC,Chelsea FC,2,0,FINISHED
2019,201900241,2020-01-19T00:00:00+00:00,25,Manchester City FC,Burnley FC,4,0,FINISHED
2019,201900242,2020-01-20T00:00:00+00:00,25,Leicester City FC,Everton FC,0,0,FINISHED
2019,201900243,2020-01-20T00:00:00+00:00,25,Crystal Palace FC,Chelsea FC,2,0,FINISHED
2019,201900244,2020-01-21T00:00:00+00:00,25,Sheffield United FC,Southampton FC,2,2,FINISHED
2019,201900245,2020-01-19T00:00:00+00:00,25,Norwich City FC,Newcastle United FC,4,1,FINISHED
2019,201900246,2020-01-19T00:00:00+00:00,25,Liverpool FC,West Ham United FC,2,0,FINISHED
2019,201900247,2020-01-20T00:00:00+00:00,25,Brighton & Hove Albion FC,Arsenal FC,0,1,FINISHED
2019,201900248,2020-01-20T00:00:00+00:00,25,Manchester United FC,Aston Villa FC,3,1,FINISHED
2019,201900249,2020-01-17T00:00:00+00:00,25,AFC Bournemouth,Tottenham Hotspur FC,2,0,FINISHED
2019,201900250,2020-01-16T00:00:00+00:00,25,Wolverhampton Wanderers FC,Watford FC,1,2,FINISHED
2019,201900251,2020-01-27T00:00:00+00:00,26,Burnley FC,Sheffield United FC,0,1,FINISHED
2019,201900252,2020-01-29T00:00:00+00:00,26,Chelsea FC,Wolverhampton Wanderers FC,3,0,FINISHED
2019,201900253,2020-01-27T00:00:00+00:00,26,Aston Villa FC,Watford FC,2,0,FINISHED
2019,201900254,2020-01-29T00:00:00+00:00,26,Everton FC,Crystal Palace FC,0,0,FINISHED
2019,201900255,2020-01-29T00:00:00+00:00,26,West Ham United FC,AFC Bournemouth,1,2,FINISHED
2019,201900256,2020-01-27T00:00:00+00:00,26,Southampton FC,Manchester United FC,4,0,FINISHED
2019,201900257,2020-01-24T00:00:00+00:00,26,Brighton & Hove Albion FC,Leicester City FC,2,0,FINISHED
2019,201900258,2020-01-26T00:00:00+00:00,26,Liverpool FC,Arsenal FC,2,0,FINISHED
2019,201900259,2020-01-23T00:00:00+00:00,26,Norwich City FC,Tottenham Hotspur FC,2,1,FINISHED
2019,201900260,2020-01-28T00:00:00+00:00,26,Manchester City FC,Newcastle United FC,3,0,FINISHED
2019,201900261,2020-02-05T00:00:00+00:00,27,Brighton & Hove Albion FC,Manchester City FC,0,2,FINISHED
2019,201900262,2020-02-02T00:00:00+00:00,27,Burnley FC,Southampton FC,4,0,FINISHED
2019,201900263,2020-02-01T00:00:00+00:00,27,Crystal Palace FC,Sheffield United FC,1,2,FINISHED
2019,201900264,2020-02-01T00:00:00+00:00,27,Arsenal FC,Liverpool FC,1,0,FINISHED
2019,201900265,2020-02-02T00:00:00+00:00,27,Wolverhampton Wanderers FC,Tottenham Hotspur FC,2,0,FINISHED
2019,201900266,2020-02-03T00:00:00+00:00,27,Aston Villa FC,West Ham United FC,4,1,FINISHED
2019,201900267,2020-02-01T00:00:00+00:00,27,Leicester City FC,Newcastle United FC,2,0,FINISHED
2019,201900268,2020-02-04T00:00:00+00:00,27,Everton FC,Manchester United FC,1,2,FINISHED
2019,201900269,2020-02-02T00:00:00+00:00,27,Chelsea FC,Watford FC,2,2,FINISHED
2019,201900270,2020-02-01T00:00:00+00:00,27,AFC Bournemouth,Norwich City FC,3,1,FINISHED
2019,201900271,2020-02-12T00:00:00+00:00,28,Chelsea FC,Southampton FC,1,4,FINISHED
2019,201900272,2020-02-08T00:00:00+00:00,28,Burnley FC,Newcastle United FC,2,2,FINISHED
2019,201900273,2020-02-10T00:00:00+00:00,28,Brighton & Hove Albion FC,Tottenham Hotspur FC,0,2,FINISHED
2019,201900274,2020-02-08T00:00:00+00:00,28,Manchester City FC,Liverpool FC,0,0,FINISHED
2019,201900275,2020-02-12T00:00:00+00:00,28,Aston Villa FC,Wolverhampton Wanderers FC,0,1,FINISHED
2019,201900276,2020-02-12T00:00:00+00:00,28,Arsenal FC,Manchester United FC,0,2,FINISHED
2019,201900277,2020-02-08T00:00:00+00:00,28,Sheffield United FC,Everton FC,4,1,FINISHED
2019,201900278,2020-02-06T00:00:00+00:00,28,Leicester City FC,AFC Bournemouth,0,1,FINISHED
2019,201900279,2020-02-10T00:00:00+00:00,28,West Ham United FC,Norwich City FC,4,0,FINISHED
2019,201900280,2020-02-12T00:00:00+00:00,28,Watford FC,Crystal Palace FC,3,1,FINISHED
2019,201900281,2020-02-13T00:00:00+00:00,29,Brighton & Hove Albion FC,West Ham United FC,0,0,FINISHED
2019,201900282,2020-02-16T00:00:00+00:00,29,Leicester City FC,Arsenal FC,4,1,FINISHED
2019,201900283,2020-02-16T00:00:00+00:00,29,Manchester City FC,Norwich City FC,1,2,FINISHED
2019,201900284,2020-02-19T00:00:00+00:00,29,Liverpool FC,Newcastle United FC,0,2,FINISHED
2019,201900285,2020-02-14T00:00:00+00:00,29,Tottenham Hotspur FC,Everton FC,2,1,FINISHED
2019,201900286,2020-02-17T00:00:00+00:00,29,Aston Villa FC,Burnley FC,1,2,FINISHED
2019,201900287,2020-02-14T00:00:00+00:00,29,Crystal Palace FC,Southampton FC,1,2,FINISHED
2019,201900288,2020-02-13T00:00:00+00:00,29,Chelsea FC,Wolverhampton Wanderers FC,0,1,FINISHED
2019,201900289,2020-02-16T00:00:00+00:00,29,Watford FC,AFC Bournemouth,2,1,FINISHED
2019,201900290,2020-02-17T00:00:00+00:00,29,Sheffield United FC,Manchester United FC,3,0,FINISHED
2019,201900291,2020-02-23T00:00:00+00:00,30,AFC Bournemouth,West Ham United FC,2,0,FINISHED
2019,201900292,2020-02-20T00:00:00+00:00,30,Everton FC,Norwich City FC,2,1,FINISHED
2019,201900293,2020-02-21T00:00:00+00:00,30,Manchester United FC,Arsenal FC,4,0,FINISHED
2019,201900294,2020-02-25T00:00:00+00:00,30,Leicester City FC,Watford FC,0,1,FINISHED
2019,201900295,2020-02-22T00:00:00+00:00,30,Manchester City FC,Brighton & Hove Albion FC,3,0,FINISHED
2019,201900296,2020-02-20T00:00:00+00:00,30,Sheffield United FC,Tottenham Hotspur FC,4,1,FINISHED
2019,201900297,2020-02-24T00:00:00+00:00,30,Liverpool FC,Aston Villa FC,2,0,FINISHED
2019,201900298,2020-02-23T00:00:00+00:00,30,Burnley FC,Newcastle United FC,2,2,FINISHED
2019,201900299,2020-02-26T00:00:00+00:00,30,Wolverhampton Wanderers FC,Crystal Palace FC,4,1,FINISHED
2019,201900300,2020-02-22T00:00:00+00:00,30,Chelsea FC,Southampton FC,4,1,FINISHED
2019,201900301,2020-03-04T00:00:00+00:00,31,Newcastle United FC,Crystal Palace FC,2,1,FINISHED
2019,201900302,2020-02-28T00:00:00+00:00,31,Arsenal FC,Norwich City FC,4,1,FINISHED
2019,201900303,2020-03-04T00:00:00+00:00,31,Sheffield United FC,Everton FC,2,2,FINISHED
2019,201900304,2020-03-03T00:00:00+00:00,31,AFC Bournemouth,Leicester City FC,4,1,FINISHED
2019,201900305,2020-03-04T00:00:00+00:00,31,West Ham United FC,Wolverhampton Wanderers FC,0,2,FINISHED
2019,201900306,2020-02-27T00:00:00+00:00,31,Manchester United FC,Burnley FC,4,0,FINISHED
2019,201900307,2020-03-04T00:00:00+00:00,31,Watford FC,Chelsea FC,2,0,FINISHED
2019,201900308,2020-03-02T00:00:00+00:00,31,Aston Villa FC,Liverpool FC,1,0,FINISHED
2019,201900309,2020-02-27T00:00:00+00:00,31,Tottenham Hotspur FC,Brighton & Hove Albion FC,2,0,FINISHED
2019,201900310,2020-02-29T00:00:00+00:00,31,Manchester City FC,Southampton FC,2,1,FINISHED
2019,201900311,2020-03-07T00:00:00+00:00,32,Arsenal FC,Leicester City FC,0,2,FINISHED
2019,201900312,2020-03-06T00:00:00+00:00,32,West Ham United FC,Sheffield United FC,2,1,FINISHED
2019,201900313,2020-03-07T00:00:00+00:00,32,Watford FC,Tottenham Hotspur FC,3,0,FINISHED
2019,201900314,2020-03-11T00:00:00+00:00,32,Chelsea FC,Brighton & Hove Albion FC,2,1,FINISHED
2019,201900315,2020-03-09T00:00:00+00:00,32,Manchester United FC,Norwich City FC,2,0,FINISHED
2019,201900316,2020-03-10T00:00:00+00:00,32,Southampton FC,Liverpool FC,4,0,FINISHED
2019,201900317,2020-03-09T00:00:00+00:00,32,AFC Bournemouth,Crystal Palace FC,2,2,FINISHED
2019,201900318,2020-03-08T00:00:00+00:00,32,Manchester City FC,Wolverhampton Wanderers FC,2,1,FINISHED
2019,201900319,2020-03-07T00:00:00+00:00,32,Newcastle United FC,Aston Villa FC,2,1,FINISHED
2019,201900320,2020-03-06T00:00:00+00:00,32,Burnley FC,Everton FC,0,1,FINISHED
2019,201900321,2020-03-14T00:00:00+00:00,33,Arsenal FC,Liverpool FC,2,1,FINISHED
2019,201900322,2020-03-13T00:00:00+00:00,33,AFC Bournemouth,Everton FC,2,0,FINISHED
2019,201900323,2020-03-16T00:00:00+00:00,33,Sheffield United FC,Tottenham Hotspur FC,2,2,FINISHED
2019,201900324,2020-03-17T00:00:00+00:00,33,Southampton FC,Manchester United FC,4,0,FINISHED
2019,201900325,2020-03-14T00:00:00+00:00,33,Watford FC,West Ham United FC,2,1,FINISHED
2019,201900326,2020-03-16T00:00:00+00:00,33,Brighton & Hove Albion FC,Chelsea FC,2,0,FINISHED
2019,201900327,2020-03-18T00:00:00+00:00,33,Burnley FC,Crystal Palace FC,0,1,FINISHED
2019,201900328,2020-03-15T00:00:00+00:00,33,Manchester City FC,Wolverhampton Wanderers FC,2,2,FINISHED
2019,201900329,2020-03-18T00:00:00+00:00,33,Leicester City FC,Aston Villa FC,1,0,FINISHED
2019,201900330,2020-03-17T00:00:00+00:00,33,Newcastle United FC,Norwich City FC,3,0,FINISHED
2019,201900331,2020-03-23T00:00:00+00:00,34,Tottenham Hotspur FC,Burnley FC,1,2,FINISHED
2019,201900332,2020-03-23T00:00:00+00:00,34,Sheffield United FC,Liverpool FC,2,1,FINISHED
2019,201900333,2020-03-22T00:00:00+00:00,34,Wolverhampton Wanderers FC,Aston Villa FC,3,0,FINISHED
2019,201900334,2020-03-19T00:00:00+00:00,34,Crystal Palace FC,West Ham United FC,1,2,FINISHED
2019,201900335,2020-03-23T00:00:00+00:00,34,AFC Bournemouth,Everton FC,2,0,FINISHED
2019,201900336,2020-03-20T00:00:00+00:00,34,Southampton FC,Norwich City FC,2,1,FINISHED
2019,201900337,2020-03-20T00:00:00+00:00,34,Brighton & Hove Albion FC,Arsenal FC,2,2,FINISHED
2019,201900338,2020-03-22T00:00:00+00:00,34,Leicester City FC,Manchester United FC,0,1,FINISHED
2019,201900339,2020-03-25T00:00:00+00:00,34,Watford FC,Chelsea FC,1,1,FINISHED
2019,201900340,2020-03-25T00:00:00+00:00,34,Newcastle United FC,Manchester City FC,2,2,FINISHED
2019,201900341,2020-03-29T00:00:00+00:00,35,Crystal Palace FC,Aston Villa FC,2,1,FINISHED
2019,201900342,2020-03-28T00:00:00+00:00,35,Arsenal FC,Leicester City FC,1,1,FINISHED
2019,201900343,2020-03-26T00:00:00+00:00,35,Chelsea FC,West Ham United FC,2,0,FINISHED
2019,201900344,2020-03-27T00:00:00+00:00,35,AFC Bournemouth,Sheffield United FC,1,2,FINISHED
2019,201900345,2020-03-28T00:00:00+00:00,35,Liverpool FC,Newcastle United FC,1,0,FINISHED
2019,201900346,2020-03-31T00:00:00+00:00,35,Norwich City FC,Watford FC,2,2,FINISHED
2019,201900347,2020-03-30T00:00:00+00:00,35,Southampton FC,Manchester United FC,4,1,FINISHED
2019,201900348,2020-03-30T00:00:00+00:00,35,Manchester City FC,Burnley FC,3,0,FINISHED
2019,201900349,2020-03-29T00:00:00+00:00,35,Everton FC,Tottenham Hotspur FC,1,0,FINISHED
2019,201900350,2020-03-27T00:00:00+00:00,35,Wolverhampton Wanderers FC,Brighton & Hove Albion FC,2,1,FINISHED
2019,201900351,2020-04-03T00:00:00+00:00,36,Chelsea FC,Newcastle United FC,2,0,FINISHED
2019,201900352,2020-04-02T00:00:00+00:00,36,Manchester United FC,Aston Villa FC,0,3,FINISHED
2019,201900353,2020-04-07T00:00:00+00:00,36,Arsenal FC,Leicester City FC,2,1,FINISHED
2019,201900354,2020-04-02T00:00:00+00:00,36,Watford FC,Liverpool FC,2,0,FINISHED
2019,201900355,2020-04-06T00:00:00+00:00,36,AFC Bournemouth,Everton FC,0,1,FINISHED
2019,201900356,2020-04-07T00:00:00+00:00,36,Wolverhampton Wanderers FC,Brighton & Hove Albion FC,2,0,FINISHED
2019,201900357,2020-04-05T00:00:00+00:00,36,Tottenham Hotspur FC,Norwich City FC,2,0,FINISHED
2019,201900358,2020-04-08T00:00:00+00:00,36,Burnley FC,Crystal Palace FC,2,2,FINISHED
2019,201900359,2020-04-05T00:00:00+00:00,36,Southampton FC,West Ham United FC,2,2,FINISHED
2019,201900360,2020-04-03T00:00:00+00:00,36,Manchester City FC,Sheffield United FC,2,2,FINISHED
2019,201900361,2020-04-11T00:00:00+00:00,37,Chelsea FC,Sheffield United FC,4,0,FINISHED
2019,201900362,2020-04-12T00:00:00+00:00,37,Leicester City FC,Crystal Palace FC,3,1,FINISHED
2019,201900363,2020-04-12T00:00:00+00:00,37,Everton FC,Norwich City FC,2,2,FINISHED
2019,201900364,2020-04-11T00:00:00+00:00,37,Brighton & Hove Albion FC,Manchester United FC,2,1,FINISHED
2019,201900365,2020-04-11T00:00:00+00:00,37,West Ham United FC,Aston Villa FC,0,0,FINISHED
2019,201900366,2020-04-10T00:00:00+00:00,37,Southampton FC,Manchester City FC,2,0,FINISHED
2019,201900367,2020-04-13T00:00:00+00:00,37,Wolverhampton Wanderers FC,Arsenal FC,3,1,FINISHED
2019,201900368,2020-04-10T00:00:00+00:00,37,Liverpool FC,AFC Bournemouth,2,1,FINISHED
2019,201900369,2020-04-10T00:00:00+00:00,37,Tottenham Hotspur FC,Newcastle United FC,0,2,FINISHED
2019,201900370,2020-04-14T00:00:00+00:00,37,Burnley FC,Watford FC,3,0,FINISHED
2019,201900371,2020-04-20T00:00:00+00:00,38,Sheffield United FC,AFC Bournemouth,0,1,FINISHED
2019,201900372,2020-04-20T00:00:00+00:00,38,Arsenal FC,Aston Villa FC,0,2,FINISHED
2019,201900373,2020-04-20T00:00:00+00:00,38,Brighton & Hove Albion FC,Manchester City FC,0,2,FINISHED
2019,201900374,2020-04-16T00:00:00+00:00,38,Tottenham Hotspur FC,Wolverhampton Wanderers FC,2,0,FINISHED
2019,201900375,2020-04-18T00:00:00+00:00,38,Leicester City FC,Burnley FC,3,0,FINISHED
2019,201900376,2020-04-18T00:00:00+00:00,38,West Ham United FC,Southampton FC,0,2,FINISHED
2019,201900377,2020-04-19T00:00:00+00:00,38,Watford FC,Chelsea FC,3,0,FINISHED
2019,201900378,2020-04-19T00:00:00+00:00,38,Everton FC,Crystal Palace FC,2,0,FINISHED
2019,201900379,2020-04-21T00:00:00+00:00,38,Liverpool FC,Newcastle United FC,2,1,FINISHED
2019,201900380,2020-04-17T00:00:00+00:00,38,Manchester United FC,Norwich City FC,3,0,FINISHED
